{
  "HVIGOR_OHOS_PLUGIN": {
    "MODULES": [
      {
        "MODULE_NAME": "1043bfc77febe75fafec0c4309faccf1",
        "API_TYPE": "stageMode",
        "INCREMENTAL_TASKS": {
          "COMPILE_ARKTS": true
        }
      }
    ],
    "BUILD_MODE": "debug"
  },
  "HVIGOR": {
    "IS_INCREMENTAL": true,
    "IS_DAEMON": true,
    "IS_PARALLEL": true,
    "IS_HVIGORFILE_TYPE_CHECK": false,
    "TASK_TIME": {
      "1043bfc77febe75fafec0c4309faccf1": {
        "ConfigureCmake": 242800,
        "PreCheckSyscap": 457500,
        "ProcessIntegratedHsp": 3307800,
        "BuildNativeWithCmake": 296500,
        "SyscapTransform": 5328100,
        "BuildNativeWithNinja": 2737900,
        "CompileResource": 702671400,
        "BuildJS": 9293000,
        "CompileArkTS": 1540587000,
        "GeneratePkgModuleJson": 3133100,
        "PackageHap": 1117836600,
        "SignHap": 2186100,
        "CollectDebugSymbol": 6181500,
        "assembleHap": 214100
      }
    },
    "TOTAL_TIME": 3933854100,
    "BUILD_ID": "202506141502241400"
  }
}