{"deviceType":"phone","checkEntry":"true","localPropertiesPath":"D:\\DevEcoStudio\\04_Complete\\local.properties","Path":"D:\\DevEcoStudio\\DevEco Studio\\tools\\node\\","note":"false","aceProfilePath":"D:\\DevEcoStudio\\04_Complete\\entry\\.preview\\default\\intermediates\\res\\default\\resources\\base\\profile","isPreview":"true","hapMode":"false","buildMode":"debug","img2bin":"true","projectProfilePath":"D:\\DevEcoStudio\\04_Complete\\build-profile.json5","watchMode":"true","appResource":"D:\\DevEcoStudio\\04_Complete\\entry\\.preview\\default\\intermediates\\res\\default\\ResourceTable.txt","logLevel":"3","stageRouterConfig":{"contents":["{\"module\":{\"pages\":\"$profile:main_pages\",\"name\":\"entry\"}}","{\"src\":[\"pages/Index\"]}"],"paths":["D:\\DevEcoStudio\\04_Complete\\entry\\.preview\\default\\intermediates\\res\\default\\module.json","D:\\DevEcoStudio\\04_Complete\\entry\\.preview\\default\\intermediates\\res\\default\\resources\\base\\profile\\main_pages.json"]},"port":"29902","aceBuildJson":"D:\\DevEcoStudio\\04_Complete\\entry\\.preview\\default\\intermediates\\loader\\default\\loader.json","aceModuleRoot":"D:\\DevEcoStudio\\04_Complete\\entry\\src\\main\\ets","aceSoPath":"D:\\DevEcoStudio\\04_Complete\\entry\\.preview\\cache\\nativeDependencies.txt","cachePath":"D:\\DevEcoStudio\\04_Complete\\entry\\.preview\\cache\\.default","aceModuleBuild":"D:\\DevEcoStudio\\04_Complete\\entry\\.preview\\default\\intermediates\\assets\\default\\ets","aceModuleJsonPath":"D:\\DevEcoStudio\\04_Complete\\entry\\.preview\\default\\intermediates\\res\\default\\module.json"}