{
  "HVIGOR_OHOS_PLUGIN": {
    "MODULES": [
      {
        "MODULE_NAME": "1043bfc77febe75fafec0c4309faccf1",
        "API_TYPE": "stageMode",
        "INCREMENTAL_TASKS": {
          "COMPILE_ARKTS": true
        }
      }
    ],
    "BUILD_MODE": "debug"
  },
  "HVIGOR": {
    "IS_INCREMENTAL": true,
    "IS_DAEMON": true,
    "IS_PARALLEL": true,
    "IS_HVIGORFILE_TYPE_CHECK": false,
    "TASK_TIME": {
      "1043bfc77febe75fafec0c4309faccf1": {
        "ConfigureCmake": 466300,
        "PreCheckSyscap": 503300,
        "GeneratePkgContextInfo": 688700,
        "ProcessIntegratedHsp": 2434900,
        "BuildNativeWithCmake": 675600,
        "SyscapTransform": 3039200,
        "BuildNativeWithNinja": 3176900,
        "BuildJS": 5243400,
        "CompileArkTS": 1566412200,
        "PackageHap": 1434846400,
        "SignHap": 1787900,
        "CollectDebugSymbol": 5201600,
        "assembleHap": 258400
      }
    },
    "TOTAL_TIME": 3497199800,
    "BUILD_ID": "202506151257519870"
  }
}