{"CACHE_SYNC_FILE_HASH":{"D:\\DevEcoStudio\\04_Complete\\hvigor\\hvigor-config.json5":"18249db209af54ab00f108b429f46ce0d3597934443cc34f2588296d6ddb3830","D:\\DevEcoStudio\\04_Complete\\build-profile.json5":"519cdf83a71a46db1b91a9bb6dfb1fee34964e04eab7abc652a8bec483b53b77","D:\\DevEcoStudio\\04_Complete\\hvigorfile.ts":"874faebabfab7348c933d61ceb521a96578fb1e946e3f488a2b31251a68154a8","D:\\DevEcoStudio\\04_Complete\\oh-package.json5":"0613074a6bb26048a751acafff65e9f1bdf04f1198aec715d9b03ee55388dd4e","SDK_LOCATION":"D:/DevEcoStudio/DevEco Studio/sdk","D:\\DevEcoStudio\\04_Complete\\entry\\hvigorfile.ts":"d3004d80830a129d6cd71c00e0a06c7996b1bf8d2820e11054e8861714ea7b8c","D:\\DevEcoStudio\\04_Complete\\.hvigor\\outputs\\sync\\output.json":"b86e0718424f23d35367e08eb247320ec415c9317431888cfff672e3233691c0","D:\\DevEcoStudio\\04_Complete\\entry\\build-profile.json5":"a788f8c3b937ba61558d21c04fe8583cebbbd9f5ffe78a9d7a5b6d2d37241ed5","D:\\DevEcoStudio\\04_Complete\\entry\\oh-package.json5":"8ad0081ba0e0e48ee88dc03e41b5762b5a9988305c449300ee9a8ab93aee32ed"},"OHPM_INSTALL_FILE_HASH":{"D:\\DevEcoStudio\\04_Complete\\oh_modules":false,"D:\\DevEcoStudio\\04_Complete\\oh-package.json5":"0613074a6bb26048a751acafff65e9f1bdf04f1198aec715d9b03ee55388dd4e","D:\\DevEcoStudio\\04_Complete\\entry\\oh_modules":false,"D:\\DevEcoStudio\\04_Complete\\entry\\oh-package.json5":"8ad0081ba0e0e48ee88dc03e41b5762b5a9988305c449300ee9a8ab93aee32ed"}}