{
  "string": [
    {
      "name": "scenicDetails",
      "value": "景区详情"
    },
    {
      "name": "activityPage",
      "value": "景区活动"
    },
    {
      "name": "module_desc",
      "value": "module description"
    },
    {
      "name": "EntryAbility_desc",
      "value": "description"
    },
    {
      "name": "EntryAbility_label",
      "value": "Web"
    },
    {
      "name": "promptsLocal",
      "value": "Local H5 applet"
    },
    {
      "name": "promptsCloud",
      "value": "Cloud H5 applet"
    },
    {
      "name": "loadLocalH5",
      "value": "Load the local H5"
    },
    {
      "name": "loadCloudH5",
      "value": "Load cloud H5"
    },
    {
      "name": "loadVue",
      "value": "Load Vue"
    },
    {
      "name": "return_home",
      "value": "return"
    },
    {
      "name": "loadCloudVue",
      "value": "Load Cloud Vue"
    },
    {
      "name": "loadInterceptVue",
      "value": "Load Intercept Vue"
    },
    {
      "name": "textValue",
      "value": "These are web components"
    },
    {
      "name": "local",
      "value": "返回"
    },
    {
      "name": "online",
      "value": "(online)"
    },
    {
      "name": "btnValue",
      "value": "报名"
    },
    {
      "name": "prompts",
      "value": "返回"
    },
    {
      "name": "web_alert_dialog_button_value",
      "value": "Confirm"
    },
    {
      "name": "web_width",
      "value": "93.3%"
    },
    {
      "name": "internet_err",
      "value": "Failed to load the network."
    },
    {
      "name": "reason",
      "value": "Allow applications to use the Internet network when loading network data on the web."
    },
    {
      "name": "congratulate",
      "value": "Congratulations on winning: "
    },
    {
      "name": "tip_vue",
      "value": "The above is the Vue page."
    },
    {
      "name": "tip_html",
      "value": "The above is the HTML page."
    }
  ]
}