{"CACHE_SYNC_FILE_HASH":{"D:\\DevEcoObjects\\HelloWorld\\build-profile.json5":"4f6b23e77fc8c2ea76c9209c092876d06bc70ac49627c4ec204fdc843de6aaa3","D:\\DevEcoObjects\\HelloWorld\\entry\\oh-package.json5":"00112b48ceefe18bd8469b591b38766661208f0584108d7e3841b78e01951cb4","D:\\DevEcoObjects\\HelloWorld\\.hvigor\\outputs\\sync\\output.json":"b3fc65c0011897969049e9f62ba4e8fdbbccac61b6294991e171b0db8ed3b439","D:\\DevEcoObjects\\HelloWorld\\hvigor\\hvigor-config.json5":"919870b70369c5eb8ef0e34cfb169785facdfed896bb6b992d2ef654d82327fb","D:\\DevEcoObjects\\HelloWorld\\entry\\hvigorfile.ts":"3fb4c99742ecad1987b74476cb80b41811f4cc9da75bbe77cc4542ad7fec858e","D:\\DevEcoObjects\\HelloWorld\\hvigorfile.ts":"0578082de2de874cd0148819a01b7b95e1ef6b86f95ab4e1edc4e22efd80d6ef","D:\\DevEcoObjects\\HelloWorld\\oh-package.json5":"5cb142d4f49bd0e90e3b3cdf8f0f13c83a3fb9d458ed28270aef9c0f257bc273","D:\\DevEcoObjects\\HelloWorld\\entry\\build-profile.json5":"b469d723f5f091982c0e42b62400226ed110d58738db3e5ad1a71db071331789","SDK_LOCATION":"D:/DevEco Studio/sdk"},"OHPM_INSTALL_FILE_HASH":{"D:\\DevEcoObjects\\HelloWorld\\oh_modules\\.ohpm\\lock.json5":"f54c67be4177d01c112b500238ccfd587ac5daf875a37b48b304a3eb4f44c29a","D:\\DevEcoObjects\\HelloWorld\\entry\\oh-package.json5":"00112b48ceefe18bd8469b591b38766661208f0584108d7e3841b78e01951cb4","D:\\DevEcoObjects\\HelloWorld\\entry\\oh_modules":false,"D:\\DevEcoObjects\\HelloWorld\\oh_modules":true,"D:\\DevEcoObjects\\HelloWorld\\oh-package.json5":"5cb142d4f49bd0e90e3b3cdf8f0f13c83a3fb9d458ed28270aef9c0f257bc273"}}