{
  "entry|entry|1.0.0|src/main/ets/entryability/EntryAbility.ts": {
    "version": 3,
    "file": "EntryAbility.ets",
    "sourceRoot": "",
    "sources": [
      "entry/src/main/ets/entryability/EntryAbility.ets"
    ],
    "names": [],
    "mappings": ";;;;;;AAIA,MAAM,MAAM,GAAG,MAAM,CAAC;AAEtB,MAAM,CAAC,OAAO,OAAO,YAAa,SAAQ,SAAS;IACjD,QAAQ,CAAC,IAAI,EAAE,IAAI,EAAE,WAAW,EAAE,eAAe,CAAC,WAAW,GAAG,IAAI;QAClE,IAAI,CAAC,OAAO,CAAC,qBAAqB,EAAE,CAAC,YAAY,CAAC,qBAAqB,CAAC,SAAS,CAAC,kBAAkB,CAAC,CAAC;QACtG,KAAK,CAAC,IAAI,CAAC,MAAM,EAAE,SAAS,EAAE,YAAY,EAAE,kBAAkB,CAAC,CAAC;IAClE,CAAC;IAED,SAAS,IAAI,IAAI;QACf,KAAK,CAAC,IAAI,CAAC,MAAM,EAAE,SAAS,EAAE,YAAY,EAAE,mBAAmB,CAAC,CAAC;IACnE,CAAC;IAED,mBAAmB,CAAC,WAAW,EAAE,MAAM,CAAC,WAAW,GAAG,IAAI;QACxD,yDAAyD;QACzD,KAAK,CAAC,IAAI,CAAC,MAAM,EAAE,SAAS,EAAE,YAAY,EAAE,6BAA6B,CAAC,CAAC;QAE3E,WAAW,CAAC,WAAW,CAAC,aAAa,EAAE,CAAC,GAAG,EAAE,EAAE;YAC7C,IAAI,GAAG,CAAC,IAAI,EAAE;gBACZ,KAAK,CAAC,KAAK,CAAC,MAAM,EAAE,SAAS,EAAE,+CAA+C,EAAE,IAAI,CAAC,SAAS,CAAC,GAAG,CAAC,CAAC,CAAC;gBACrG,OAAO;aACR;YACD,KAAK,CAAC,IAAI,CAAC,MAAM,EAAE,SAAS,EAAE,mCAAmC,CAAC,CAAC;QACrE,CAAC,CAAC,CAAC;IACL,CAAC;IAED,oBAAoB,IAAI,IAAI;QAC1B,yDAAyD;QACzD,KAAK,CAAC,IAAI,CAAC,MAAM,EAAE,SAAS,EAAE,YAAY,EAAE,8BAA8B,CAAC,CAAC;IAC9E,CAAC;IAED,YAAY,IAAI,IAAI;QAClB,oCAAoC;QACpC,KAAK,CAAC,IAAI,CAAC,MAAM,EAAE,SAAS,EAAE,YAAY,EAAE,sBAAsB,CAAC,CAAC;IACtE,CAAC;IAED,YAAY,IAAI,IAAI;QAClB,iCAAiC;QACjC,KAAK,CAAC,IAAI,CAAC,MAAM,EAAE,SAAS,EAAE,YAAY,EAAE,sBAAsB,CAAC,CAAC;IACtE,CAAC;CACF",
    "entry-package-info": "entry|1.0.0"
  },
  "entry|entry|1.0.0|src/main/ets/entrybackupability/EntryBackupAbility.ts": {
    "version": 3,
    "file": "EntryBackupAbility.ets",
    "sourceRoot": "",
    "sources": [
      "entry/src/main/ets/entrybackupability/EntryBackupAbility.ets"
    ],
    "names": [],
    "mappings": ";;;AAGA,MAAM,MAAM,GAAG,MAAM,CAAC;AAEtB,MAAM,CAAC,OAAO,OAAO,kBAAmB,SAAQ,sBAAsB;IACpE,KAAK,CAAC,QAAQ;QACZ,KAAK,CAAC,IAAI,CAAC,MAAM,EAAE,SAAS,EAAE,aAAa,CAAC,CAAC;QAC7C,MAAM,OAAO,CAAC,OAAO,EAAE,CAAC;IAC1B,CAAC;IAED,KAAK,CAAC,SAAS,CAAC,aAAa,EAAE,aAAa;QAC1C,KAAK,CAAC,IAAI,CAAC,MAAM,EAAE,SAAS,EAAE,yBAAyB,EAAE,IAAI,CAAC,SAAS,CAAC,aAAa,CAAC,CAAC,CAAC;QACxF,MAAM,OAAO,CAAC,OAAO,EAAE,CAAC;IAC1B,CAAC;CACF",
    "entry-package-info": "entry|1.0.0"
  },
  "entry|entry|1.0.0|src/main/ets/pages/Index.ts": {
    "version": 3,
    "file": "Index.ets",
    "sourceRoot": "",
    "sources": [
      "entry/src/main/ets/pages/Index.ets"
    ],
    "names": [],
    "mappings": ";;;;IAOU,iBAAiB,GAAE,iBAAiB;IACpC,QAAQ,GAAE,QAAQ;;;MAFrB,aAAa;IAFpB;;;;;iCAGiD,IAAI,OAAO,CAAC,iBAAiB,EAAE;wBACjD,IAAI,QAAQ,EAAE;;;KAPP;;;;;;;;;;;;;;;;;IAMpC,OAAO,oBAAoB,iBAAiB,CAAkC;IAC9E,OAAO,WAAW,QAAQ,CAAiB;IAG3C;;YACE,UAAU;;YAAV,UAAU,CAuBT,KAAK,CAAC,KAAK;;;YAtBV,MAAM;;;;YACJ,MAAM,QAAC,IAAI,CAAC,QAAQ;;;;YAClB,MAAM;;;;YACJ,GAAG,QAAC;gBACF,GAAG,qCAAW,YAAY,kEAAC;gBAC3B,UAAU,EAAE,IAAI,CAAC,iBAAiB;gBAClC,UAAU,EAAE,UAAU,CAAC,WAAW,CAAC,YAAY;aAChD;;YAJD,GAAG,CAKA,UAAU,CAAC,aAAa,CAAC,WAAW;YALvC,GAAG,CAMA,cAAc,CAAC,cAAc,CAAC,KAAK;;;YACtC,IAAI,QAAC,KAAK;;YAAV,IAAI,CACD,QAAQ,CAAC,EAAE;YADd,IAAI,CAED,SAAS,CAAC,SAAS;YAFtB,IAAI,CAGD,MAAM,CAAC,GAAG;YAHb,IAAI,CAID,KAAK,CAAC,MAAM;YAJf,IAAI,CAKD,eAAe,CAAC,SAAS;;QAL5B,IAAI;QARN,MAAM;QADR,MAAM;QADR,MAAM;QADR,UAAU;KAwBX",
    "entry-package-info": "entry|1.0.0"
  }
}