{"deviceType":"phone","checkEntry":"true","localPropertiesPath":"D:\\DevEcoObjects\\HelloWorld\\local.properties","Path":"D:\\DevEco Studio\\tools\\node\\","note":"false","aceProfilePath":"D:\\DevEcoObjects\\HelloWorld\\entry\\.preview\\default\\intermediates\\res\\default\\resources\\base\\profile","isPreview":"true","hapMode":"false","buildMode":"debug","img2bin":"true","projectProfilePath":"D:\\DevEcoObjects\\HelloWorld\\build-profile.json5","watchMode":"true","appResource":"D:\\DevEcoObjects\\HelloWorld\\entry\\.preview\\default\\intermediates\\res\\default\\ResourceTable.txt","logLevel":"3","stageRouterConfig":{"contents":["{\"module\":{\"pages\":\"$profile:main_pages\",\"name\":\"entry\"}}","{\"src\":[\"pages/Index\"]}"],"paths":["D:\\DevEcoObjects\\HelloWorld\\entry\\.preview\\default\\intermediates\\res\\default\\module.json","D:\\DevEcoObjects\\HelloWorld\\entry\\.preview\\default\\intermediates\\res\\default\\resources\\base\\profile\\main_pages.json"]},"port":"29900","aceBuildJson":"D:\\DevEcoObjects\\HelloWorld\\entry\\.preview\\default\\intermediates\\loader\\default\\loader.json","aceModuleRoot":"D:\\DevEcoObjects\\HelloWorld\\entry\\src\\main\\ets","aceSoPath":"D:\\DevEcoObjects\\HelloWorld\\entry\\.preview\\cache\\nativeDependencies.txt","cachePath":"D:\\DevEcoObjects\\HelloWorld\\entry\\.preview\\cache\\.default","aceModuleBuild":"D:\\DevEcoObjects\\HelloWorld\\entry\\.preview\\default\\intermediates\\assets\\default\\ets","aceModuleJsonPath":"D:\\DevEcoObjects\\HelloWorld\\entry\\.preview\\default\\intermediates\\res\\default\\module.json"}