{
  "entry|entry|1.0.0|src/main/ets/entryability/EntryAbility.ts": {
    "version": 3,
    "file": "EntryAbility.ets",
    "sourceRoot": "",
    "sources": [
      "entry/src/main/ets/entryability/EntryAbility.ets"
    ],
    "names": [],
    "mappings": ";;;;;AAIA,MAAM,CAAC,OAAO,OAAO,YAAa,SAAQ,SAAS;IACjD,QAAQ,CAAC,IAAI,EAAE,IAAI,EAAE,WAAW,EAAE,eAAe,CAAC,WAAW,GAAG,IAAI;QAClE,KAAK,CAAC,IAAI,CAAC,MAAM,EAAE,SAAS,EAAE,YAAY,EAAE,kBAAkB,CAAC,CAAC;IAClE,CAAC;IAED,SAAS,IAAI,IAAI;QACf,KAAK,CAAC,IAAI,CAAC,MAAM,EAAE,SAAS,EAAE,YAAY,EAAE,mBAAmB,CAAC,CAAC;IACnE,CAAC;IAED,mBAAmB,CAAC,WAAW,EAAE,MAAM,CAAC,WAAW,GAAG,IAAI;QACxD,yDAAyD;QACzD,KAAK,CAAC,IAAI,CAAC,MAAM,EAAE,SAAS,EAAE,YAAY,EAAE,6BAA6B,CAAC,CAAC;QAE3E,WAAW,CAAC,WAAW,CAAC,aAAa,EAAE,CAAC,GAAG,EAAE,EAAE;YAC7C,IAAI,GAAG,CAAC,IAAI,EAAE;gBACZ,KAAK,CAAC,KAAK,CAAC,MAAM,EAAE,SAAS,EAAE,+CAA+C,EAAE,IAAI,CAAC,SAAS,CAAC,GAAG,CAAC,IAAI,EAAE,CAAC,CAAC;gBAC3G,OAAO;aACR;YACD,KAAK,CAAC,IAAI,CAAC,MAAM,EAAE,SAAS,EAAE,mCAAmC,CAAC,CAAC;QACrE,CAAC,CAAC,CAAC;IACL,CAAC;IAED,oBAAoB,IAAI,IAAI;QAC1B,yDAAyD;QACzD,KAAK,CAAC,IAAI,CAAC,MAAM,EAAE,SAAS,EAAE,YAAY,EAAE,8BAA8B,CAAC,CAAC;IAC9E,CAAC;IAED,YAAY,IAAI,IAAI;QAClB,oCAAoC;QACpC,KAAK,CAAC,IAAI,CAAC,MAAM,EAAE,SAAS,EAAE,YAAY,EAAE,sBAAsB,CAAC,CAAC;IACtE,CAAC;IAED,YAAY,IAAI,IAAI;QAClB,iCAAiC;QACjC,KAAK,CAAC,IAAI,CAAC,MAAM,EAAE,SAAS,EAAE,YAAY,EAAE,sBAAsB,CAAC,CAAC;IACtE,CAAC;CACF",
    "entry-package-info": "entry|1.0.0"
  },
  "entry|entry|1.0.0|src/main/ets/entrybackupability/EntryBackupAbility.ts": {
    "version": 3,
    "file": "EntryBackupAbility.ets",
    "sourceRoot": "",
    "sources": [
      "entry/src/main/ets/entrybackupability/EntryBackupAbility.ets"
    ],
    "names": [],
    "mappings": ";;;AAGA,MAAM,CAAC,OAAO,OAAO,kBAAmB,SAAQ,sBAAsB;IACpE,KAAK,CAAC,QAAQ;QACZ,KAAK,CAAC,IAAI,CAAC,MAAM,EAAE,SAAS,EAAE,aAAa,CAAC,CAAC;IAC/C,CAAC;IAED,KAAK,CAAC,SAAS,CAAC,aAAa,EAAE,aAAa;QAC1C,KAAK,CAAC,IAAI,CAAC,MAAM,EAAE,SAAS,EAAE,yBAAyB,EAAE,IAAI,CAAC,SAAS,CAAC,aAAa,CAAC,CAAC,CAAC;IAC1F,CAAC;CACF",
    "entry-package-info": "entry|1.0.0"
  },
  "entry|entry|1.0.0|src/main/ets/pages/Index.ts": {
    "version": 3,
    "file": "Index.ets",
    "sourceRoot": "",
    "sources": [
      "entry/src/main/ets/pages/Index.ets"
    ],
    "names": [],
    "mappings": ";;;;IAwPS,YAAY,GAAE,KAAK,CAAC,YAAY,CAAC;;;IA1DjC,cAAc,GAAE,KAAK,CAAC,YAAY,CAAC;;;IA7CpC,cAAc,GAAE,YAAY;;;IA/C5B,YAAY,GAAE,YAAY;;;IApCzB,UAAU,GAAE,KAAK,CAAC,WAAW,CAAC;;;IA/B9B,OAAO,GAAE,MAAM;;AA/BxB,MAAM,WAAW;IACf,EAAE,EAAE,MAAM,GAAG,EAAE,CAAC;IAChB,QAAQ,EAAE,WAAW,GAAG,EAAE,CAAC;IAC3B,GAAG,EAAE,MAAM,GAAG,EAAE,CAAC;IAEjB,YAAY,EAAE,EAAE,MAAM,EAAE,QAAQ,EAAE,WAAW,EAAE,GAAG,EAAE,MAAM;QACxD,IAAI,CAAC,EAAE,GAAG,EAAE,CAAC;QACb,IAAI,CAAC,QAAQ,GAAG,QAAQ,CAAC;QACzB,IAAI,CAAC,GAAG,GAAG,GAAG,CAAC;IACjB,CAAC;CACF;AAED,MAAM,YAAY;IAChB,EAAE,EAAE,MAAM,GAAG,EAAE,CAAC;IAChB,QAAQ,EAAE,WAAW,GAAG,EAAE,CAAC;IAC3B,KAAK,EAAE,MAAM,GAAG,EAAE,CAAC;IACnB,KAAK,EAAE,MAAM,GAAG,EAAE,CAAC;IACnB,MAAM,EAAE,MAAM,GAAG,EAAE,CAAC;IAEpB,YAAY,EAAE,EAAE,MAAM,EAAE,QAAQ,EAAE,WAAW,EAAE,KAAK,EAAE,MAAM,EAAE,KAAK,EAAE,MAAM,EAAE,MAAM,EAAE,MAAM;QACzF,IAAI,CAAC,EAAE,GAAG,EAAE,CAAC;QACb,IAAI,CAAC,QAAQ,GAAG,QAAQ,CAAC;QACzB,IAAI,CAAC,KAAK,GAAG,KAAK,CAAC;QACnB,IAAI,CAAC,KAAK,GAAG,KAAK,CAAC;QACnB,IAAI,CAAC,MAAM,GAAG,MAAM,CAAC;IACvB,CAAC;CACF;MAIM,KAAK;IAFZ;;;;;sDAG2B,MAAM;;;KALhC;;;;;;;;;;;;;;;;IAKC,4CAAgB,MAAM,EAAU;QAAzB,OAAO;;;QAAP,OAAO,WAAE,MAAM;;;IAEtB;;YACE,MAAM;;YAAN,MAAM,CAoBL,KAAK,CAAC,MAAM;YApBb,MAAM,CAqBL,MAAM,CAAC,MAAM;YArBd,MAAM,CAsBL,eAAe,CAAC,SAAS;;;YArBxB,IAAI,QAAC,IAAI,CAAC,OAAO;;YAAjB,IAAI,CACD,QAAQ,CAAC,EAAE;YADd,IAAI,CAED,UAAU,CAAC,GAAG;YAFjB,IAAI,CAGD,KAAK,CAAC,MAAM;YAHf,IAAI,CAID,SAAS,CAAC,SAAS,CAAC,KAAK;YAJ5B,IAAI,CAKD,OAAO,CAAC,EAAE,IAAI,EAAE,EAAE,EAAE;YALvB,IAAI,CAMD,UAAU,CAAC,mBAAmB;YANjC,IAAI,CAOD,UAAU,CAAC,EAAE;;QAPhB,IAAI;;YAQJ,MAAM;;YAAN,MAAM,CAOL,YAAY,CAAC,CAAC;YAPf,MAAM,CAQL,SAAS,CAAC,QAAQ,CAAC,GAAG;YARvB,MAAM,CASL,KAAK,CAAC,SAAS,CAAC,QAAQ;;;YARvB,MAAM;;;;;;4CACJ,MAAM;;;;;;;;;;;;;;;4CACN,cAAc;;;;;;;;;;;;;;;4CACd,YAAY;;;;;;;;;;;;QAHd,MAAM;QADR,MAAM;QATR,MAAM;KAuBP;;;;;;;;MAII,MAAM;IADb;;;;;yDAE0C;YACtC,IAAI,WAAW,CAAC,MAAM,+GACpB,oFAAoF,CAAC;YACvF,IAAI,WAAW,CAAC,MAAM,+GACpB,2CAA2C,CAAC;YAC9C,IAAI,WAAW,CAAC,MAAM,+GACpB,yDAAyD,CAAC;YAC5D,IAAI,WAAW,CAAC,MAAM,+GACpB,iDAAiD,CAAC;YACpD,IAAI,WAAW,CAAC,MAAM,+GACpB,iDAAiD,CAAC;YACpD,IAAI,WAAW,CAAC,MAAM,+GACpB,8CAA8C,CAAC;SAClD;;;KAjBF;;;;;;;;;;;;;;;;IAIC,+CAAmB,KAAK,CAAC,WAAW,CAAC,EAanC;QAbK,UAAU;;;QAAV,UAAU,WAAE,KAAK,CAAC,WAAW,CAAC;;;IAerC;;YACE,MAAM;;YAAN,MAAM,CASL,QAAQ,CAAC,IAAI;YATd,MAAM,CAUL,IAAI,CAAC,IAAI;YAVV,MAAM,CAWL,SAAS,CACR,IAAI,YAAY,EAAE;iBACf,KAAK,CAAC,WAAW,CAAC;iBAClB,aAAa,CAAC,SAAS,CAAC;;;YAb3B,OAAO;mDAAsC,KAAK,EAAE,MAAM;;;oBACxD,KAAK,QAAC,IAAI,CAAC,QAAQ;;oBAAnB,KAAK,CACF,SAAS,CAAC,QAAQ,CAAC,OAAO;oBAD7B,KAAK,CAEF,KAAK,CAAC,MAAM;oBAFf,KAAK,CAGF,OAAO,CAAC,EAAE,GAAG,EAAE,EAAE,EAAE,IAAI,EAAE,EAAE,EAAE,KAAK,EAAE,EAAE,EAAE;oBAH3C,KAAK,CAIF,YAAY,CAAC,EAAE;;;+CALZ,IAAI,CAAC,UAAU,0BAMpB,CAAC,IAAI,EAAE,WAAW,EAAE,KAAK,EAAE,MAAM,EAAE,EAAE,CAAC,IAAI,CAAC,EAAE;;QANhD,OAAO;QADT,MAAM;KAeP;;;;;MAII,YAAY;IADnB;;;;;;;;KAFC;;;;yCAIO,YAAY;;;;;;;;;;IAAlB,sDAAoB,YAAY,EAAC;QAA3B,YAAY;;;QAAZ,YAAY,WAAE,YAAY;;;IAEhC;;YACE,GAAG;;YAAH,GAAG,CAiCF,KAAK,CAAC,MAAM;YAjCb,GAAG,CAkCF,MAAM,CAAC,EAAE;YAlCV,GAAG,CAmCF,YAAY,CAAC,EAAE;YAnChB,GAAG,CAoCF,eAAe,CAAC,KAAK,CAAC,KAAK;YApC5B,GAAG,CAqCF,OAAO,CAAC,EAAE;YArCX,GAAG,CAsCF,UAAU,CAAC,aAAa,CAAC,GAAG;;;YArC3B,MAAM;;YAAN,MAAM,CAqBL,MAAM,CAAC,MAAM;YArBd,MAAM,CAsBL,YAAY,CAAC,CAAC;YAtBf,MAAM,CAuBL,UAAU,CAAC,eAAe,CAAC,KAAK;YAvBjC,MAAM,CAwBL,MAAM,CAAC,EAAE,KAAK,EAAE,EAAE,EAAE;;;YAvBnB,IAAI,QAAC,IAAI,CAAC,YAAY,CAAC,KAAK;;YAA5B,IAAI,CACD,MAAM,CAAC,EAAE;YADZ,IAAI,CAED,KAAK,CAAC,MAAM;YAFf,IAAI,CAGD,QAAQ,CAAC,EAAE;YAHd,IAAI,CAID,SAAS,CAAC,SAAS,CAAC,KAAK;YAJ5B,IAAI,CAKD,YAAY,CAAC,EAAE,QAAQ,EAAE,YAAY,CAAC,QAAQ,EAAE;YALnD,IAAI,CAMD,QAAQ,CAAC,CAAC;YANb,IAAI,CAOD,UAAU,CAAC,GAAG;YAPjB,IAAI,CAQD,MAAM,CAAC,EAAE,GAAG,EAAE,CAAC,EAAE;;QARpB,IAAI;;YASJ,IAAI,QAAC,IAAI,CAAC,YAAY,CAAC,KAAK;;YAA5B,IAAI,CACD,MAAM,CAAC,EAAE;YADZ,IAAI,CAED,KAAK,CAAC,MAAM;YAFf,IAAI,CAGD,QAAQ,CAAC,EAAE;YAHd,IAAI,CAID,SAAS,CAAC,SAAS,CAAC,KAAK;YAJ5B,IAAI,CAKD,YAAY,CAAC,EAAE,QAAQ,EAAE,YAAY,CAAC,QAAQ,EAAE;YALnD,IAAI,CAMD,QAAQ,CAAC,CAAC;YANb,IAAI,CAOD,UAAU,CAAC,GAAG;YAPjB,IAAI,CAQD,SAAS,CAAC,oBAAoB;YARjC,IAAI,CASD,MAAM,CAAC,EAAE,GAAG,EAAE,CAAC,EAAE;;QATpB,IAAI;QAVN,MAAM;;YA0BN,KAAK,QAAC,IAAI,CAAC,YAAY,CAAC,QAAQ;;YAAhC,KAAK,CACF,MAAM,CAAC,EAAE;YADZ,KAAK,CAEF,KAAK,CAAC,GAAG;YAFZ,KAAK,CAGF,SAAS,CAAC,QAAQ,CAAC,KAAK;YAH3B,KAAK,CAIF,YAAY,CAAC,EAAE;;QA/BpB,GAAG;KAuCJ;;;;;MAII,cAAc;IADrB;;;;;;;;KAFC;;;;2CAIO,cAAc;;;;;;;;;;IAApB,wDAAsB,YAAY,EAAC;QAA7B,cAAc;;;QAAd,cAAc,WAAE,YAAY;;;IAElC;;YACE,MAAM;;YAAN,MAAM,CA+BL,KAAK,CAAC,GAAG;YA/BV,MAAM,CAgCL,MAAM,CAAC,GAAG;YAhCX,MAAM,CAiCL,YAAY,CAAC,EAAE;YAjChB,MAAM,CAkCL,eAAe,CAAC,KAAK,CAAC,KAAK;;;YAjC1B,KAAK,QAAC,IAAI,CAAC,cAAc,CAAC,QAAQ;;YAAlC,KAAK,CACF,KAAK,CAAC,MAAM;YADf,KAAK,CAEF,SAAS,CAAC,QAAQ,CAAC,KAAK;YAF3B,KAAK,CAGF,MAAM,CAAC,EAAE;YAHZ,KAAK,CAIF,YAAY,CAAC;gBACZ,OAAO,EAAE,EAAE;gBACX,QAAQ,EAAE,EAAE;aACb;;;YACH,IAAI,QAAC,IAAI,CAAC,cAAc,CAAC,KAAK;;YAA9B,IAAI,CACD,MAAM,CAAC,EAAE;YADZ,IAAI,CAED,KAAK,CAAC,MAAM;YAFf,IAAI,CAGD,QAAQ,CAAC,EAAE;YAHd,IAAI,CAID,SAAS,CAAC,SAAS,CAAC,KAAK;YAJ5B,IAAI,CAKD,YAAY,CAAC,EAAE,QAAQ,EAAE,YAAY,CAAC,QAAQ,EAAE;YALnD,IAAI,CAMD,QAAQ,CAAC,CAAC;YANb,IAAI,CAOD,UAAU,CAAC,GAAG;YAPjB,IAAI,CAQD,OAAO,CAAC,EAAE,IAAI,EAAE,EAAE,EAAE,KAAK,EAAE,EAAE,EAAE;YARlC,IAAI,CASD,MAAM,CAAC,EAAE,GAAG,EAAE,CAAC,EAAE;;QATpB,IAAI;;YAUJ,IAAI,QAAC,IAAI,CAAC,cAAc,CAAC,KAAK;;YAA9B,IAAI,CACD,MAAM,CAAC,EAAE;YADZ,IAAI,CAED,KAAK,CAAC,MAAM;YAFf,IAAI,CAGD,QAAQ,CAAC,EAAE;YAHd,IAAI,CAID,SAAS,CAAC,SAAS,CAAC,KAAK;YAJ5B,IAAI,CAKD,YAAY,CAAC,EAAE,QAAQ,EAAE,YAAY,CAAC,QAAQ,EAAE;YALnD,IAAI,CAMD,QAAQ,CAAC,CAAC;YANb,IAAI,CAOD,UAAU,CAAC,GAAG;YAPjB,IAAI,CAQD,SAAS,CAAC,oBAAoB;YARjC,IAAI,CASD,OAAO,CAAC,EAAE,IAAI,EAAE,EAAE,EAAE,KAAK,EAAE,EAAE,EAAE;YATlC,IAAI,CAUD,MAAM,CAAC,EAAE,GAAG,EAAE,CAAC,EAAE;;QAVpB,IAAI;QAnBN,MAAM;KAmCP;;;;;MAMI,cAAc;IAFrB;;;;;6DAG+C;YAC3C,IAAI,YAAY,CAAC,GAAG,+GAAmC,cAAc,EACnE,6CAA6C,EAC7C,uGAAuG,CAAC;YAC1G,IAAI,YAAY,CAAC,GAAG,+GAAmC,MAAM,EAC3D,4FAA4F,EAC5F,sGAAsG,CAAC;YACzG,IAAI,YAAY,CAAC,GAAG,+GAAmC,MAAM,EAC3D,+BAA+B,EAC/B,mGAAmG,CAAC;YACtG,IAAI,YAAY,CAAC,GAAG,+GAAmC,UAAU,EAC/D,wIAAwI,EACxI,2FAA2F,CAAC;YAC9F,IAAI,YAAY,CAAC,GAAG,+GAAmC,QAAQ,EAC7D,mEAAmE,EACnE,yFAAyF,CAAC;YAC5F,IAAI,YAAY,CAAC,GAAG,+GAAmC,OAAO,EAC5D,gGAAgG,EAChG,sGAAsG,CAAC;YACzG,IAAI,YAAY,CAAC,GAAG,+GAAmC,KAAK,EAC1D,uDAAuD,EACvD,+FAA+F,CAAC;YAClG,IAAI,YAAY,CAAC,GAAG,+GAAmC,OAAO,EAAE,oBAAoB,EAClF,2DAA2D,CAAC;SAC/D;;;KA9BF;;;;;;;;;;;;;;;;IAMC,mDAAuB,KAAK,CAAC,YAAY,CAAC,EAwBxC;QAxBK,cAAc;;;QAAd,cAAc,WAAE,KAAK,CAAC,YAAY,CAAC;;;IA0B1C;;YACE,MAAM;;YAAN,MAAM,CAuBL,MAAM,CAAC,EAAE,GAAG,EAAE,EAAE,EAAE;YAvBnB,MAAM,CAwBL,UAAU,CAAC,eAAe,CAAC,KAAK;;;YAvB/B,IAAI,QAAC,MAAM;;YAAX,IAAI,CACD,SAAS,CAAC,SAAS;YADtB,IAAI,CAED,QAAQ,CAAC,EAAE;YAFd,IAAI,CAGD,UAAU,CAAC,GAAG;YAHjB,IAAI,CAID,UAAU,CAAC,qBAAqB;YAJnC,IAAI,CAKD,SAAS,CAAC,SAAS,CAAC,KAAK;YAL5B,IAAI,CAMD,OAAO,CAAC,EAAE,IAAI,EAAE,EAAE,EAAE;YANvB,IAAI,CAOD,MAAM,CAAC,EAAE,MAAM,EAAE,GAAG,EAAE;;QAPzB,IAAI;;YAQJ,IAAI;;YAAJ,IAAI,CAOH,YAAY,CAAC,KAAK;YAPnB,IAAI,CAQH,UAAU,CAAC,CAAC;YARb,IAAI,CASH,SAAS,CAAC,QAAQ,CAAC,GAAG;YATvB,IAAI,CAUH,MAAM,CAAC,GAAG;YAVX,IAAI,CAWH,OAAO,CAAC,EAAE,GAAG,EAAE,CAAC,EAAE,IAAI,EAAE,EAAE,EAAE,KAAK,EAAE,EAAE,EAAE;;;YAVtC,OAAO;;;;;;;;;;;;;4DAEH,cAAc,OAAC,EAAE,cAAc,EAAE,IAAI,EAAE;;;;4CAAtB,cAAc,EAAE,IAAI;;;;;;;wCAApB,cAAc,EAAE,IAAI;;;;;wBADvC,QAAQ;;;;;+CADF,IAAI,CAAC,cAAc,0BAIxB,CAAC,IAAI,EAAE,YAAY,EAAE,EAAE,CAAC,IAAI,CAAC,EAAE;;QAJlC,OAAO;QADT,IAAI;QATN,MAAM;KAyBP;;;;;MAKI,YAAY;IAFnB;;;;;2DAG6C;YACzC,IAAI,YAAY,CAAC,GAAG,+GAAiC,aAAa,EAChE,uCAAuC,EACvC,2DAA2D,CAAC;YAC9D,IAAI,YAAY,CAAC,GAAG,+GAAiC,uBAAuB,EAC1E,gEAAgE,EAChE,2DAA2D,CAAC;YAC9D,IAAI,YAAY,CAAC,GAAG,+GAAiC,eAAe,EAClE,8CAA8C,EAC9C,2DAA2D,CAAC;YAC9D,IAAI,YAAY,CAAC,GAAG,+GAAiC,kBAAkB,EACrE,8DAA8D,EAC9D,2DAA2D,CAAC;YAC9D,IAAI,YAAY,CAAC,GAAG,+GAAiC,wBAAwB,EAC3E,qEAAqE,EACrE,2DAA2D,CAAC;YAC9D,IAAI,YAAY,CAAC,GAAG,+GAAiC,sBAAsB,EACzE,sDAAsD,EACtD,2DAA2D,CAAC;YAC9D,IAAI,YAAY,CAAC,GAAG,+GAAiC,kBAAkB,EACrE,kEAAkE,EAClE,2DAA2D,CAAC;YAC9D,IAAI,YAAY,CAAC,GAAG,+GAAiC,gBAAgB,EAAE,mBAAmB,EACxF,KAAK,CAAC;YACR,IAAI,YAAY,CAAC,GAAG,+GAAiC,cAAc,EACjE,sFAAsF,EACtF,2DAA2D,CAAC;YAC9D,IAAI,YAAY,CAAC,IAAI,+GAAkC,mBAAmB,EACxE,wDAAwD,EACxD,2DAA2D,CAAC;YAC9D,IAAI,YAAY,CAAC,IAAI,+GAAkC,mBAAmB,EACxE,iEAAiE,EACjE,2DAA2D,CAAC;YAC9D,IAAI,YAAY,CAAC,IAAI,+GAAkC,kBAAkB,EACvE,mFAAmF,EACnF,2DAA2D,CAAC;SAC/D;;;KAzCF;;;;;;;;;;;;;;;;IAKC,iDAAqB,KAAK,CAAC,YAAY,CAAC,EAoCtC;QApCK,YAAY;;;QAAZ,YAAY,WAAE,KAAK,CAAC,YAAY,CAAC;;;IAsCxC;;YACE,MAAM;;YAAN,MAAM,CAmBL,MAAM,CAAC,EAAE,GAAG,EAAE,EAAE,EAAE;YAnBnB,MAAM,CAoBL,UAAU,CAAC,eAAe,CAAC,KAAK;;;YAnB/B,IAAI,QAAC,MAAM;;YAAX,IAAI,CACD,SAAS,CAAC,SAAS;YADtB,IAAI,CAED,QAAQ,CAAC,EAAE;YAFd,IAAI,CAGD,UAAU,CAAC,GAAG;YAHjB,IAAI,CAID,UAAU,CAAC,qBAAqB;YAJnC,IAAI,CAKD,SAAS,CAAC,SAAS,CAAC,KAAK;YAL5B,IAAI,CAMD,OAAO,CAAC,EAAE,IAAI,EAAE,EAAE,EAAE;YANvB,IAAI,CAOD,MAAM,CAAC,EAAE,MAAM,EAAE,GAAG,EAAE;;QAPzB,IAAI;;YAQJ,IAAI,QAAC,EAAE,KAAK,EAAE,EAAE,EAAE;;YAAlB,IAAI,CAOH,SAAS,CAAC,QAAQ,CAAC,GAAG;YAPvB,IAAI,CAQH,OAAO,CAAC,EAAE,IAAI,EAAE,EAAE,EAAE,KAAK,EAAE,EAAE,EAAE;;;YAP9B,OAAO;;;;;;;;4BACL,QAAQ;;;;;;;;;;;;;4DACN,YAAY,OAAC,EAAE,YAAY,EAAE,IAAI,EAAE;;;;4CAApB,YAAY,EAAE,IAAI;;;;;;;wCAAlB,YAAY,EAAE,IAAI;;;;;wBADnC,QAAQ;;;oBAAR,QAAQ;;;+CADF,IAAI,CAAC,YAAY,0BAItB,CAAC,IAAI,EAAE,YAAY,EAAE,EAAE,CAAC,IAAI,CAAC,EAAE;;QAJlC,OAAO;QADT,IAAI;QATN,MAAM;KAqBP",
    "entry-package-info": "entry|1.0.0"
  }
}