{"D:\\DevEcoStudio\\04_Complete\\AppScope\\app.json5":{"hashValue":"8099bdc03b62d5fe0355883c152a4081","name":"app.json5","path":"D:\\DevEcoStudio\\04_Complete\\AppScope\\app.json5","type":"file","isSymbolicLink":false,"fileMetaData":{"size":216,"lastModifiedTime":1721906729680}},"D:\\DevEcoStudio\\04_Complete\\entry\\src\\main\\module.json5":{"hashValue":"b966433fd13c7b03cb073d68c4392c7c","name":"module.json5","path":"D:\\DevEcoStudio\\04_Complete\\entry\\src\\main\\module.json5","type":"file","isSymbolicLink":false,"fileMetaData":{"size":1346,"lastModifiedTime":1721906729683}},"D:\\DevEcoStudio\\04_Complete\\build-profile.json5":{"hashValue":"c00be1c39de65bf639f5c95414071df6","name":"build-profile.json5","path":"D:\\DevEcoStudio\\04_Complete\\build-profile.json5","type":"file","isSymbolicLink":false,"fileMetaData":{"size":605,"lastModifiedTime":1721981677265}},"D:\\DevEcoStudio\\04_Complete\\entry\\build-profile.json5":{"hashValue":"fb3a6ae9a7b049bafee088788a8cd019","name":"build-profile.json5","path":"D:\\DevEcoStudio\\04_Complete\\entry\\build-profile.json5","type":"file","isSymbolicLink":false,"fileMetaData":{"size":448,"lastModifiedTime":1721906729681}},"D:\\DevEcoStudio\\04_Complete\\entry\\src\\main\\resources\\base\\profile\\main_pages.json":{"hashValue":"3e6af5664363b9665f0ba7bcc7d1c3a2","name":"main_pages.json","path":"D:\\DevEcoStudio\\04_Complete\\entry\\src\\main\\resources\\base\\profile\\main_pages.json","type":"file","isSymbolicLink":false,"fileMetaData":{"size":42,"lastModifiedTime":1721906729702}},"D:\\DevEcoStudio\\04_Complete\\hvigor\\hvigor-config.json5":{"hashValue":"793df96a5e3d6e02f5fc0aad26d98aa6","name":"hvigor-config.json5","path":"D:\\DevEcoStudio\\04_Complete\\hvigor\\hvigor-config.json5","type":"file","isSymbolicLink":false,"fileMetaData":{"size":1323,"lastModifiedTime":1721906729703}},"D:\\DevEcoStudio\\04_Complete\\entry\\oh-package.json5":{"hashValue":"f3238c56eadcab5f42695fe1dd8386d6","name":"oh-package.json5","path":"D:\\DevEcoStudio\\04_Complete\\entry\\oh-package.json5","type":"file","isSymbolicLink":false,"fileMetaData":{"size":183,"lastModifiedTime":1721906729682}},"D:\\DevEcoStudio\\04_Complete\\oh-package.json5":{"hashValue":"92155b82286e60abca6ba8bd4f141504","name":"oh-package.json5","path":"D:\\DevEcoStudio\\04_Complete\\oh-package.json5","type":"file","isSymbolicLink":false,"fileMetaData":{"size":152,"lastModifiedTime":1727229352479}},"D:\\DevEcoStudio\\04_Complete\\entry\\.preview\\default\\intermediates\\merge_profile\\default\\module.json":{"hashValue":"bbbb92ec8131e47ab105adc3cfe21203","name":"module.json","path":"D:\\DevEcoStudio\\04_Complete\\entry\\.preview\\default\\intermediates\\merge_profile\\default\\module.json","type":"file","isSymbolicLink":false,"fileMetaData":{"size":1577,"lastModifiedTime":1742635497098}},"D:\\DevEcoStudio\\04_Complete\\entry\\.preview\\default\\generated\\profile\\default\\BuildProfile.ets":{"hashValue":"eeac5d0237a258378aa452705f3d2342","name":"BuildProfile.ets","path":"D:\\DevEcoStudio\\04_Complete\\entry\\.preview\\default\\generated\\profile\\default\\BuildProfile.ets","type":"file","isSymbolicLink":false,"fileMetaData":{"size":864,"lastModifiedTime":1742635497104}},"D:\\DevEcoStudio\\04_Complete\\entry\\.preview\\default\\intermediates\\process_profile\\default\\module.json":{"hashValue":"ece93d89e9e686b4a44243f079d67f4f","name":"module.json","path":"D:\\DevEcoStudio\\04_Complete\\entry\\.preview\\default\\intermediates\\process_profile\\default\\module.json","type":"file","isSymbolicLink":false,"fileMetaData":{"size":1663,"lastModifiedTime":1742635497208}},"D:\\DevEcoStudio\\04_Complete\\entry\\.preview\\default\\intermediates\\router_map\\default\\temp-router-map.json":{"hashValue":"89099c50a3e13dd8a3b6baeea28b89ac","name":"temp-router-map.json","path":"D:\\DevEcoStudio\\04_Complete\\entry\\.preview\\default\\intermediates\\router_map\\default\\temp-router-map.json","type":"file","isSymbolicLink":false,"fileMetaData":{"size":16,"lastModifiedTime":1742635497214}},"D:\\DevEcoStudio\\04_Complete\\entry\\.preview\\default\\intermediates\\router_map\\default\\loader-router-map.json":{"hashValue":"9a1ce88542075b8afb549f21e830d5be","name":"loader-router-map.json","path":"D:\\DevEcoStudio\\04_Complete\\entry\\.preview\\default\\intermediates\\router_map\\default\\loader-router-map.json","type":"file","isSymbolicLink":false,"fileMetaData":{"size":16,"lastModifiedTime":1742635497214}},"D:\\DevEcoStudio\\04_Complete\\entry\\.preview\\default\\intermediates\\loader\\default\\loader.json":{"hashValue":"068c482d13d798a3569d6dd6c1c03024","name":"loader.json","path":"D:\\DevEcoStudio\\04_Complete\\entry\\.preview\\default\\intermediates\\loader\\default\\loader.json","type":"file","isSymbolicLink":false,"fileMetaData":{"size":811,"lastModifiedTime":1742635497240}},"D:\\DevEcoStudio\\04_Complete\\entry\\src\\main\\resources":{"hashValue":"a4111cdd54883d266298945d580a3682","name":"resources","path":"D:\\DevEcoStudio\\04_Complete\\entry\\src\\main\\resources","type":"directory","isSymbolicLink":false,"children":[{"hashValue":"2c78956d7f98df19b9870829cabf1b6a","name":"base","path":"D:\\DevEcoStudio\\04_Complete\\entry\\src\\main\\resources\\base","type":"directory","isSymbolicLink":false,"children":[{"hashValue":"5b2592ae813a20119328351762dea972","name":"element","path":"D:\\DevEcoStudio\\04_Complete\\entry\\src\\main\\resources\\base\\element","type":"directory","isSymbolicLink":false,"children":[{"hashValue":"f5a1bf32eb2d091056f3341520ad6616","name":"color.json","path":"D:\\DevEcoStudio\\04_Complete\\entry\\src\\main\\resources\\base\\element\\color.json","type":"file","isSymbolicLink":false,"fileMetaData":{"size":105,"lastModifiedTime":1721906729684}},{"hashValue":"5a2a5ce1116842ec0747cea527f5b0ca","name":"string.json","path":"D:\\DevEcoStudio\\04_Complete\\entry\\src\\main\\resources\\base\\element\\string.json","type":"file","isSymbolicLink":false,"fileMetaData":{"size":267,"lastModifiedTime":1721906729684}}]},{"hashValue":"d81decb766e3e1e1cc4eef9f7f96d26b","name":"media","path":"D:\\DevEcoStudio\\04_Complete\\entry\\src\\main\\resources\\base\\media","type":"directory","isSymbolicLink":false,"children":[{"hashValue":"13a91675f6db71eea58ad3f6b84fa523","name":"avatar.jpg","path":"D:\\DevEcoStudio\\04_Complete\\entry\\src\\main\\resources\\base\\media\\avatar.jpg","type":"file","isSymbolicLink":false,"fileMetaData":{"size":350331,"lastModifiedTime":1749041322869}},{"hashValue":"842c4aa1534cde8d68577d9ebe986bad","name":"background.png","path":"D:\\DevEcoStudio\\04_Complete\\entry\\src\\main\\resources\\base\\media\\background.png","type":"file","isSymbolicLink":false,"fileMetaData":{"size":6832,"lastModifiedTime":1721906729982}},{"hashValue":"cfda48af06a49cce3bb5004d81769fa9","name":"banner_pic0.jpg","path":"D:\\DevEcoStudio\\04_Complete\\entry\\src\\main\\resources\\base\\media\\banner_pic0.jpg","type":"file","isSymbolicLink":false,"fileMetaData":{"size":350331,"lastModifiedTime":1749041322869}},{"hashValue":"91aac070050581f60def049587c47287","name":"banner_pic1.jpg","path":"D:\\DevEcoStudio\\04_Complete\\entry\\src\\main\\resources\\base\\media\\banner_pic1.jpg","type":"file","isSymbolicLink":false,"fileMetaData":{"size":72257,"lastModifiedTime":1749724131549}},{"hashValue":"cd035d15a1ab46de9d038691005437e9","name":"banner_pic2.jpg","path":"D:\\DevEcoStudio\\04_Complete\\entry\\src\\main\\resources\\base\\media\\banner_pic2.jpg","type":"file","isSymbolicLink":false,"fileMetaData":{"size":350331,"lastModifiedTime":1749041322869}},{"hashValue":"acd65cdfcf4b8e38f1fb15b27b7cf140","name":"banner_pic3.jpg","path":"D:\\DevEcoStudio\\04_Complete\\entry\\src\\main\\resources\\base\\media\\banner_pic3.jpg","type":"file","isSymbolicLink":false,"fileMetaData":{"size":350331,"lastModifiedTime":1749041322869}},{"hashValue":"141376ff73f294a304dedb8ddcc38d27","name":"banner_pic4.jpg","path":"D:\\DevEcoStudio\\04_Complete\\entry\\src\\main\\resources\\base\\media\\banner_pic4.jpg","type":"file","isSymbolicLink":false,"fileMetaData":{"size":350331,"lastModifiedTime":1749041322869}},{"hashValue":"562bb5bc5ff10b695837e55cf73e2826","name":"banner_pic5.jpg","path":"D:\\DevEcoStudio\\04_Complete\\entry\\src\\main\\resources\\base\\media\\banner_pic5.jpg","type":"file","isSymbolicLink":false,"fileMetaData":{"size":350331,"lastModifiedTime":1749041322869}},{"hashValue":"063d672bd09e455be0be0d293edf22a7","name":"enablement_pic1.jpg","path":"D:\\DevEcoStudio\\04_Complete\\entry\\src\\main\\resources\\base\\media\\enablement_pic1.jpg","type":"file","isSymbolicLink":false,"fileMetaData":{"size":37447,"lastModifiedTime":1749565750819}},{"hashValue":"2e1650ec3d9f4cfe7515ccd471514784","name":"enablement_pic2.jpg","path":"D:\\DevEcoStudio\\04_Complete\\entry\\src\\main\\resources\\base\\media\\enablement_pic2.jpg","type":"file","isSymbolicLink":false,"fileMetaData":{"size":34955,"lastModifiedTime":1749565307868}},{"hashValue":"bb23fa91bfbfdf957ff812d24e7e0c08","name":"enablement_pic3.jpg","path":"D:\\DevEcoStudio\\04_Complete\\entry\\src\\main\\resources\\base\\media\\enablement_pic3.jpg","type":"file","isSymbolicLink":false,"fileMetaData":{"size":41067,"lastModifiedTime":1749565996079}},{"hashValue":"5939df9a50ed455c22a3176c38764766","name":"enablement_pic4.jpg","path":"D:\\DevEcoStudio\\04_Complete\\entry\\src\\main\\resources\\base\\media\\enablement_pic4.jpg","type":"file","isSymbolicLink":false,"fileMetaData":{"size":29236,"lastModifiedTime":1749621319061}},{"hashValue":"980d74ddab2b8b841c38c96d7228b5e0","name":"enablement_pic5.jpg","path":"D:\\DevEcoStudio\\04_Complete\\entry\\src\\main\\resources\\base\\media\\enablement_pic5.jpg","type":"file","isSymbolicLink":false,"fileMetaData":{"size":17421,"lastModifiedTime":1749621617434}},{"hashValue":"01385cdfc06e00b785f66aa92f082121","name":"enablement_pic6.jpg","path":"D:\\DevEcoStudio\\04_Complete\\entry\\src\\main\\resources\\base\\media\\enablement_pic6.jpg","type":"file","isSymbolicLink":false,"fileMetaData":{"size":524692,"lastModifiedTime":1749621766784}},{"hashValue":"21a38e72dd1d7aa64c860e7dc1cd5212","name":"enablement_pic7.jpg","path":"D:\\DevEcoStudio\\04_Complete\\entry\\src\\main\\resources\\base\\media\\enablement_pic7.jpg","type":"file","isSymbolicLink":false,"fileMetaData":{"size":147653,"lastModifiedTime":1749621993764}},{"hashValue":"ba56b68969327af69685f041547cf5ef","name":"enablement_pic8.jpg","path":"D:\\DevEcoStudio\\04_Complete\\entry\\src\\main\\resources\\base\\media\\enablement_pic8.jpg","type":"file","isSymbolicLink":false,"fileMetaData":{"size":756959,"lastModifiedTime":1749622126340}},{"hashValue":"23b0235ab7659499f8bbde7c7718d955","name":"foreground.png","path":"D:\\DevEcoStudio\\04_Complete\\entry\\src\\main\\resources\\base\\media\\foreground.png","type":"file","isSymbolicLink":false,"fileMetaData":{"size":19256,"lastModifiedTime":1721906729982}},{"hashValue":"9eebc3700f67006359e476af386f0b1d","name":"ic_01_off.svg","path":"D:\\DevEcoStudio\\04_Complete\\entry\\src\\main\\resources\\base\\media\\ic_01_off.svg","type":"file","isSymbolicLink":false,"fileMetaData":{"size":1387,"lastModifiedTime":1721906729983}},{"hashValue":"c27a3666b6bb8f97c1023c493bda523f","name":"ic_01_on.svg","path":"D:\\DevEcoStudio\\04_Complete\\entry\\src\\main\\resources\\base\\media\\ic_01_on.svg","type":"file","isSymbolicLink":false,"fileMetaData":{"size":1315,"lastModifiedTime":1721906729983}},{"hashValue":"aa8bd10376f80e4792cdb73bebb01397","name":"ic_02_off.svg","path":"D:\\DevEcoStudio\\04_Complete\\entry\\src\\main\\resources\\base\\media\\ic_02_off.svg","type":"file","isSymbolicLink":false,"fileMetaData":{"size":3686,"lastModifiedTime":1721906729983}},{"hashValue":"d2f2a443303fdca5557267861ad2171c","name":"ic_02_on.svg","path":"D:\\DevEcoStudio\\04_Complete\\entry\\src\\main\\resources\\base\\media\\ic_02_on.svg","type":"file","isSymbolicLink":false,"fileMetaData":{"size":3665,"lastModifiedTime":1721906729983}},{"hashValue":"1af848b3e0c61c5b15997444fc15e7b4","name":"ic_03_off.svg","path":"D:\\DevEcoStudio\\04_Complete\\entry\\src\\main\\resources\\base\\media\\ic_03_off.svg","type":"file","isSymbolicLink":false,"fileMetaData":{"size":4859,"lastModifiedTime":1721906729983}},{"hashValue":"20f0e00e39832e0e607b7a114c6ab79b","name":"ic_03_on.svg","path":"D:\\DevEcoStudio\\04_Complete\\entry\\src\\main\\resources\\base\\media\\ic_03_on.svg","type":"file","isSymbolicLink":false,"fileMetaData":{"size":4876,"lastModifiedTime":1721906729983}},{"hashValue":"62e392089827590bef193d2159ba6da7","name":"ic_AI_read_normal.svg","path":"D:\\DevEcoStudio\\04_Complete\\entry\\src\\main\\resources\\base\\media\\ic_AI_read_normal.svg","type":"file","isSymbolicLink":false,"fileMetaData":{"size":3484,"lastModifiedTime":1721906729974}},{"hashValue":"fb2aae4b41be4074bbc2b224fcd18ced","name":"ic_AI_read_on.svg","path":"D:\\DevEcoStudio\\04_Complete\\entry\\src\\main\\resources\\base\\media\\ic_AI_read_on.svg","type":"file","isSymbolicLink":false,"fileMetaData":{"size":3448,"lastModifiedTime":1721906729974}},{"hashValue":"8a0ddec3f449b1cfe00eb32703a01f6e","name":"ic_arrow.jpg","path":"D:\\DevEcoStudio\\04_Complete\\entry\\src\\main\\resources\\base\\media\\ic_arrow.jpg","type":"file","isSymbolicLink":false,"fileMetaData":{"size":350331,"lastModifiedTime":1749041322869}},{"hashValue":"348ff4cb2c49c6241b0a92cb6894b974","name":"ic_back.svg","path":"D:\\DevEcoStudio\\04_Complete\\entry\\src\\main\\resources\\base\\media\\ic_back.svg","type":"file","isSymbolicLink":false,"fileMetaData":{"size":1693,"lastModifiedTime":1721906729974}},{"hashValue":"36d9bd94f47582ed8ac0718cc5861960","name":"ic_edit.jpg","path":"D:\\DevEcoStudio\\04_Complete\\entry\\src\\main\\resources\\base\\media\\ic_edit.jpg","type":"file","isSymbolicLink":false,"fileMetaData":{"size":350331,"lastModifiedTime":1749041322869}},{"hashValue":"bac1c9889525ba8b472764d017007a53","name":"ic_favorites.jpg","path":"D:\\DevEcoStudio\\04_Complete\\entry\\src\\main\\resources\\base\\media\\ic_favorites.jpg","type":"file","isSymbolicLink":false,"fileMetaData":{"size":350331,"lastModifiedTime":1749041322869}},{"hashValue":"078a3c979bdb577c7ff3d69ffbdfe627","name":"ic_footprint.jpg","path":"D:\\DevEcoStudio\\04_Complete\\entry\\src\\main\\resources\\base\\media\\ic_footprint.jpg","type":"file","isSymbolicLink":false,"fileMetaData":{"size":350331,"lastModifiedTime":1749041322869}},{"hashValue":"fd1e406bcf4909e8a4f9ffab46859091","name":"ic_notification.jpg","path":"D:\\DevEcoStudio\\04_Complete\\entry\\src\\main\\resources\\base\\media\\ic_notification.jpg","type":"file","isSymbolicLink":false,"fileMetaData":{"size":350331,"lastModifiedTime":1749041322869}},{"hashValue":"6063f714dac9fea79ee5a1baee3e91d2","name":"ic_orders.jpg","path":"D:\\DevEcoStudio\\04_Complete\\entry\\src\\main\\resources\\base\\media\\ic_orders.jpg","type":"file","isSymbolicLink":false,"fileMetaData":{"size":350331,"lastModifiedTime":1749041322869}},{"hashValue":"b54d5824141f0b15ef2b4725869565b6","name":"ic_profile.jpg","path":"D:\\DevEcoStudio\\04_Complete\\entry\\src\\main\\resources\\base\\media\\ic_profile.jpg","type":"file","isSymbolicLink":false,"fileMetaData":{"size":350331,"lastModifiedTime":1749041322869}},{"hashValue":"341a46a9d1ac8e311ff309b9ab0ed2d3","name":"ic_settings.jpg","path":"D:\\DevEcoStudio\\04_Complete\\entry\\src\\main\\resources\\base\\media\\ic_settings.jpg","type":"file","isSymbolicLink":false,"fileMetaData":{"size":350331,"lastModifiedTime":1749041322869}},{"hashValue":"ac6830cfa3b04709688a9cb951e01eab","name":"ic_start_icon.png","path":"D:\\DevEcoStudio\\04_Complete\\entry\\src\\main\\resources\\base\\media\\ic_start_icon.png","type":"file","isSymbolicLink":false,"fileMetaData":{"size":84851,"lastModifiedTime":1721906729984}},{"hashValue":"ed1c214be8db580074f6f4f7241530e2","name":"layered_image.json","path":"D:\\DevEcoStudio\\04_Complete\\entry\\src\\main\\resources\\base\\media\\layered_image.json","type":"file","isSymbolicLink":false,"fileMetaData":{"size":115,"lastModifiedTime":1721906729984}},{"hashValue":"85fc8826bba9394651adaed50ea238cf","name":"tutorial_pic1.png","path":"D:\\DevEcoStudio\\04_Complete\\entry\\src\\main\\resources\\base\\media\\tutorial_pic1.png","type":"file","isSymbolicLink":false,"fileMetaData":{"size":13182,"lastModifiedTime":1721906729975}},{"hashValue":"fa423eab9b01ed809597fba7068d307d","name":"tutorial_pic10.png","path":"D:\\DevEcoStudio\\04_Complete\\entry\\src\\main\\resources\\base\\media\\tutorial_pic10.png","type":"file","isSymbolicLink":false,"fileMetaData":{"size":6996,"lastModifiedTime":1721906729975}},{"hashValue":"a8aebb7ade639695923c8c0ddb227662","name":"tutorial_pic11.png","path":"D:\\DevEcoStudio\\04_Complete\\entry\\src\\main\\resources\\base\\media\\tutorial_pic11.png","type":"file","isSymbolicLink":false,"fileMetaData":{"size":4889,"lastModifiedTime":1721906729975}},{"hashValue":"eef3a8e67c9ba0c717d567e4b958a2d2","name":"tutorial_pic12.png","path":"D:\\DevEcoStudio\\04_Complete\\entry\\src\\main\\resources\\base\\media\\tutorial_pic12.png","type":"file","isSymbolicLink":false,"fileMetaData":{"size":5446,"lastModifiedTime":1721906729975}},{"hashValue":"79ee7b8ff1b3111578955d960a7f9378","name":"tutorial_pic2.png","path":"D:\\DevEcoStudio\\04_Complete\\entry\\src\\main\\resources\\base\\media\\tutorial_pic2.png","type":"file","isSymbolicLink":false,"fileMetaData":{"size":5847,"lastModifiedTime":1721906729976}},{"hashValue":"4ca79a1082d2bdd44ddb6ba04f68d1bf","name":"tutorial_pic3.png","path":"D:\\DevEcoStudio\\04_Complete\\entry\\src\\main\\resources\\base\\media\\tutorial_pic3.png","type":"file","isSymbolicLink":false,"fileMetaData":{"size":6113,"lastModifiedTime":1721906729976}},{"hashValue":"d5e66ad9a0125a3a59e39f54a5d82ee3","name":"tutorial_pic4.png","path":"D:\\DevEcoStudio\\04_Complete\\entry\\src\\main\\resources\\base\\media\\tutorial_pic4.png","type":"file","isSymbolicLink":false,"fileMetaData":{"size":6815,"lastModifiedTime":1721906729976}},{"hashValue":"620db4778b0ff9a9cdc08993fe0e67db","name":"tutorial_pic5.png","path":"D:\\DevEcoStudio\\04_Complete\\entry\\src\\main\\resources\\base\\media\\tutorial_pic5.png","type":"file","isSymbolicLink":false,"fileMetaData":{"size":5247,"lastModifiedTime":1721906729976}},{"hashValue":"a5e841618b3de4323756ed566e597a91","name":"tutorial_pic6.png","path":"D:\\DevEcoStudio\\04_Complete\\entry\\src\\main\\resources\\base\\media\\tutorial_pic6.png","type":"file","isSymbolicLink":false,"fileMetaData":{"size":5647,"lastModifiedTime":1721906729977}},{"hashValue":"000de2b4e77f9ba765b25503c9000645","name":"tutorial_pic7.png","path":"D:\\DevEcoStudio\\04_Complete\\entry\\src\\main\\resources\\base\\media\\tutorial_pic7.png","type":"file","isSymbolicLink":false,"fileMetaData":{"size":5099,"lastModifiedTime":1721906729977}},{"hashValue":"8d2653144d1df0275cf812f3b6978378","name":"tutorial_pic8.png","path":"D:\\DevEcoStudio\\04_Complete\\entry\\src\\main\\resources\\base\\media\\tutorial_pic8.png","type":"file","isSymbolicLink":false,"fileMetaData":{"size":5779,"lastModifiedTime":1721906729977}},{"hashValue":"1ae6e6c2b57496f282af24e9c5842b7a","name":"tutorial_pic9.png","path":"D:\\DevEcoStudio\\04_Complete\\entry\\src\\main\\resources\\base\\media\\tutorial_pic9.png","type":"file","isSymbolicLink":false,"fileMetaData":{"size":5653,"lastModifiedTime":1721906729978}}]},{"hashValue":"14a757804c791131bdd8ed57f05701de","name":"profile","path":"D:\\DevEcoStudio\\04_Complete\\entry\\src\\main\\resources\\base\\profile","type":"directory","isSymbolicLink":false,"children":[{"hashValue":"b2c56d4f618ff6a89700a6d8752062dd","name":"backup_config.json","path":"D:\\DevEcoStudio\\04_Complete\\entry\\src\\main\\resources\\base\\profile\\backup_config.json","type":"file","isSymbolicLink":false,"fileMetaData":{"size":36,"lastModifiedTime":1721906729701}},{"hashValue":"3e6af5664363b9665f0ba7bcc7d1c3a2","name":"main_pages.json","path":"D:\\DevEcoStudio\\04_Complete\\entry\\src\\main\\resources\\base\\profile\\main_pages.json","type":"file","isSymbolicLink":false,"fileMetaData":{"size":42,"lastModifiedTime":1721906729702}}]}]},{"hashValue":"38b45e1ede9dfc188bf9e3df6ccbb268","name":"en_US","path":"D:\\DevEcoStudio\\04_Complete\\entry\\src\\main\\resources\\en_US","type":"directory","isSymbolicLink":false,"children":[{"hashValue":"c4740dbfb80bcfcbe98cf08979c8a0db","name":"element","path":"D:\\DevEcoStudio\\04_Complete\\entry\\src\\main\\resources\\en_US\\element","type":"directory","isSymbolicLink":false,"children":[{"hashValue":"c524965f3c4232781909c976fafa0206","name":"string.json","path":"D:\\DevEcoStudio\\04_Complete\\entry\\src\\main\\resources\\en_US\\element\\string.json","type":"file","isSymbolicLink":false,"fileMetaData":{"size":267,"lastModifiedTime":1721906729702}}]}]},{"hashValue":"3562248522f478af63c313268b087da4","name":"zh_CN","path":"D:\\DevEcoStudio\\04_Complete\\entry\\src\\main\\resources\\zh_CN","type":"directory","isSymbolicLink":false,"children":[{"hashValue":"a1b77b6178c95e463fcf79fb1c7e37ed","name":"element","path":"D:\\DevEcoStudio\\04_Complete\\entry\\src\\main\\resources\\zh_CN\\element","type":"directory","isSymbolicLink":false,"children":[{"hashValue":"4cc01a2091c109eb723a15e8f9d44e0d","name":"string.json","path":"D:\\DevEcoStudio\\04_Complete\\entry\\src\\main\\resources\\zh_CN\\element\\string.json","type":"file","isSymbolicLink":false,"fileMetaData":{"size":270,"lastModifiedTime":1721906729702}}]}]}]},"D:\\DevEcoStudio\\04_Complete\\entry\\.preview\\default\\intermediates\\res\\default":{"hashValue":"864e2b3c2a4b189cd1849dd9e8d85f81","name":"default","path":"D:\\DevEcoStudio\\04_Complete\\entry\\.preview\\default\\intermediates\\res\\default","type":"directory","isSymbolicLink":false,"children":[{"hashValue":"0c799203426c13cd4a512511fae4f7e0","name":"app_compiled","path":"D:\\DevEcoStudio\\04_Complete\\entry\\.preview\\default\\intermediates\\res\\default\\app_compiled","type":"directory","isSymbolicLink":false,"children":[{"hashValue":"2af19b235954e3b588a78bc255692d57","name":"14612776025008989075","path":"D:\\DevEcoStudio\\04_Complete\\entry\\.preview\\default\\intermediates\\res\\default\\app_compiled\\14612776025008989075","type":"file","isSymbolicLink":false,"fileMetaData":{"size":180,"lastModifiedTime":1748863704712}},{"hashValue":"842c69d63b1ac41f300a8d90e20791cf","name":"8048049747018951708","path":"D:\\DevEcoStudio\\04_Complete\\entry\\.preview\\default\\intermediates\\res\\default\\app_compiled\\8048049747018951708","type":"file","isSymbolicLink":false,"fileMetaData":{"size":126,"lastModifiedTime":1748863704712}}]},{"hashValue":"630780a1323990d54c3a39efb2c81d4c","name":"ids_map","path":"D:\\DevEcoStudio\\04_Complete\\entry\\.preview\\default\\intermediates\\res\\default\\ids_map","type":"directory","isSymbolicLink":false,"children":[{"hashValue":"db2ce534eb93aea3f531bd09c67ebf83","name":"id_defined.json","path":"D:\\DevEcoStudio\\04_Complete\\entry\\.preview\\default\\intermediates\\res\\default\\ids_map\\id_defined.json","type":"file","isSymbolicLink":false,"fileMetaData":{"size":2954,"lastModifiedTime":1748863704841}}]},{"hashValue":"19090dd475062b5b0f50ca2aa6b27e5b","name":"module_compiled","path":"D:\\DevEcoStudio\\04_Complete\\entry\\.preview\\default\\intermediates\\res\\default\\module_compiled","type":"directory","isSymbolicLink":false,"children":[{"hashValue":"493c1de7cec6c4febb00a5a404432a75","name":"10319203990408643174","path":"D:\\DevEcoStudio\\04_Complete\\entry\\.preview\\default\\intermediates\\res\\default\\module_compiled\\10319203990408643174","type":"file","isSymbolicLink":false,"fileMetaData":{"size":210,"lastModifiedTime":1748863704765}},{"hashValue":"f445476022d8fe0fc6473876058dcbb7","name":"11055975165374200394","path":"D:\\DevEcoStudio\\04_Complete\\entry\\.preview\\default\\intermediates\\res\\default\\module_compiled\\11055975165374200394","type":"file","isSymbolicLink":false,"fileMetaData":{"size":207,"lastModifiedTime":1748863704766}},{"hashValue":"6c4f340995b3d41a702eec154dba309d","name":"11256366350587418185","path":"D:\\DevEcoStudio\\04_Complete\\entry\\.preview\\default\\intermediates\\res\\default\\module_compiled\\11256366350587418185","type":"file","isSymbolicLink":false,"fileMetaData":{"size":207,"lastModifiedTime":1748863704766}},{"hashValue":"ba6b810e5c967ad95374c2e94e0e4db9","name":"11347002676701400936","path":"D:\\DevEcoStudio\\04_Complete\\entry\\.preview\\default\\intermediates\\res\\default\\module_compiled\\11347002676701400936","type":"file","isSymbolicLink":false,"fileMetaData":{"size":213,"lastModifiedTime":1748863704764}},{"hashValue":"30b7b455ac0d21d530fa91bf07bfb9e0","name":"12149813090770482711","path":"D:\\DevEcoStudio\\04_Complete\\entry\\.preview\\default\\intermediates\\res\\default\\module_compiled\\12149813090770482711","type":"file","isSymbolicLink":false,"fileMetaData":{"size":213,"lastModifiedTime":1748863704763}},{"hashValue":"00ae0ba4820a2ea0abf496af87f9584e","name":"1219100248221340754","path":"D:\\DevEcoStudio\\04_Complete\\entry\\.preview\\default\\intermediates\\res\\default\\module_compiled\\1219100248221340754","type":"file","isSymbolicLink":false,"fileMetaData":{"size":213,"lastModifiedTime":1748863704763}},{"hashValue":"15592daec1e74dea041b7684e10c0529","name":"12461070425263728726","path":"D:\\DevEcoStudio\\04_Complete\\entry\\.preview\\default\\intermediates\\res\\default\\module_compiled\\12461070425263728726","type":"file","isSymbolicLink":false,"fileMetaData":{"size":210,"lastModifiedTime":1748863704764}},{"hashValue":"9c1bffed99f6ac93ab12d0add63e1ad0","name":"12775768833260858420","path":"D:\\DevEcoStudio\\04_Complete\\entry\\.preview\\default\\intermediates\\res\\default\\module_compiled\\12775768833260858420","type":"file","isSymbolicLink":false,"fileMetaData":{"size":207,"lastModifiedTime":1748863704768}},{"hashValue":"f4a5d710a0eba1deb3f155e6372efd26","name":"13220822560866585433","path":"D:\\DevEcoStudio\\04_Complete\\entry\\.preview\\default\\intermediates\\res\\default\\module_compiled\\13220822560866585433","type":"file","isSymbolicLink":false,"fileMetaData":{"size":207,"lastModifiedTime":1748863704767}},{"hashValue":"898c57515ac71698ba17a4e17af8078d","name":"13721200158802645773","path":"D:\\DevEcoStudio\\04_Complete\\entry\\.preview\\default\\intermediates\\res\\default\\module_compiled\\13721200158802645773","type":"file","isSymbolicLink":false,"fileMetaData":{"size":207,"lastModifiedTime":1748863704767}},{"hashValue":"1f29359bb008ecb4bcaee8ca649f81d5","name":"13823762133383362424","path":"D:\\DevEcoStudio\\04_Complete\\entry\\.preview\\default\\intermediates\\res\\default\\module_compiled\\13823762133383362424","type":"file","isSymbolicLink":false,"fileMetaData":{"size":214,"lastModifiedTime":1748863704768}},{"hashValue":"6c3bca3d33911a76f15f3b88951b0a7e","name":"14133041275456546254","path":"D:\\DevEcoStudio\\04_Complete\\entry\\.preview\\default\\intermediates\\res\\default\\module_compiled\\14133041275456546254","type":"file","isSymbolicLink":false,"fileMetaData":{"size":205,"lastModifiedTime":1748863704769}},{"hashValue":"afe95be44d6c5d637f4c2cb650d98c19","name":"15560605574960431889","path":"D:\\DevEcoStudio\\04_Complete\\entry\\.preview\\default\\intermediates\\res\\default\\module_compiled\\15560605574960431889","type":"file","isSymbolicLink":false,"fileMetaData":{"size":201,"lastModifiedTime":1748863704760}},{"hashValue":"b562dad390f34b003a8c426febd84e3d","name":"15825867254567229608","path":"D:\\DevEcoStudio\\04_Complete\\entry\\.preview\\default\\intermediates\\res\\default\\module_compiled\\15825867254567229608","type":"file","isSymbolicLink":false,"fileMetaData":{"size":210,"lastModifiedTime":1748863704765}},{"hashValue":"c2663502f72b09d0eb27d28d16a2081e","name":"16145390064715499906","path":"D:\\DevEcoStudio\\04_Complete\\entry\\.preview\\default\\intermediates\\res\\default\\module_compiled\\16145390064715499906","type":"file","isSymbolicLink":false,"fileMetaData":{"size":213,"lastModifiedTime":1748863704762}},{"hashValue":"d8c44c5e9d7bca31c43db3502e2908af","name":"16697390408713777889","path":"D:\\DevEcoStudio\\04_Complete\\entry\\.preview\\default\\intermediates\\res\\default\\module_compiled\\16697390408713777889","type":"file","isSymbolicLink":false,"fileMetaData":{"size":201,"lastModifiedTime":1748863704761}},{"hashValue":"ebc7d44f59e4ff8615b399dac0fcae81","name":"172435173459836540","path":"D:\\DevEcoStudio\\04_Complete\\entry\\.preview\\default\\intermediates\\res\\default\\module_compiled\\172435173459836540","type":"file","isSymbolicLink":false,"fileMetaData":{"size":201,"lastModifiedTime":1748863704761}},{"hashValue":"3ab8b24371274567b37fccaa2b905640","name":"17485835149388268993","path":"D:\\DevEcoStudio\\04_Complete\\entry\\.preview\\default\\intermediates\\res\\default\\module_compiled\\17485835149388268993","type":"file","isSymbolicLink":false,"fileMetaData":{"size":207,"lastModifiedTime":1748863704768}},{"hashValue":"29368e7cc64f9be3603c3097bd970c2c","name":"17599908161103144724","path":"D:\\DevEcoStudio\\04_Complete\\entry\\.preview\\default\\intermediates\\res\\default\\module_compiled\\17599908161103144724","type":"file","isSymbolicLink":false,"fileMetaData":{"size":198,"lastModifiedTime":1748863704764}},{"hashValue":"b3ee0f1744c8b744337c0c7ffa363589","name":"4464185555691139963","path":"D:\\DevEcoStudio\\04_Complete\\entry\\.preview\\default\\intermediates\\res\\default\\module_compiled\\4464185555691139963","type":"file","isSymbolicLink":false,"fileMetaData":{"size":201,"lastModifiedTime":1748863704760}},{"hashValue":"aa540fbf57e19778f872d6df524c2341","name":"4518308712056344501","path":"D:\\DevEcoStudio\\04_Complete\\entry\\.preview\\default\\intermediates\\res\\default\\module_compiled\\4518308712056344501","type":"file","isSymbolicLink":false,"fileMetaData":{"size":198,"lastModifiedTime":1748863704760}},{"hashValue":"67883293584cd5799926d69a253f1b00","name":"4903664485938119263","path":"D:\\DevEcoStudio\\04_Complete\\entry\\.preview\\default\\intermediates\\res\\default\\module_compiled\\4903664485938119263","type":"file","isSymbolicLink":false,"fileMetaData":{"size":210,"lastModifiedTime":1748863704766}},{"hashValue":"2ef65da39575c9082ab62104ba8ef1f4","name":"5138489443954575898","path":"D:\\DevEcoStudio\\04_Complete\\entry\\.preview\\default\\intermediates\\res\\default\\module_compiled\\5138489443954575898","type":"file","isSymbolicLink":false,"fileMetaData":{"size":207,"lastModifiedTime":1748863704764}},{"hashValue":"bdb5de17d575ac94ae2cf2b2fe8a2bdc","name":"5553459557764479251","path":"D:\\DevEcoStudio\\04_Complete\\entry\\.preview\\default\\intermediates\\res\\default\\module_compiled\\5553459557764479251","type":"file","isSymbolicLink":false,"fileMetaData":{"size":134,"lastModifiedTime":1748863704759}},{"hashValue":"8c5e92f02a5302cbd2d730c4c907962e","name":"5807326229369321811","path":"D:\\DevEcoStudio\\04_Complete\\entry\\.preview\\default\\intermediates\\res\\default\\module_compiled\\5807326229369321811","type":"file","isSymbolicLink":false,"fileMetaData":{"size":201,"lastModifiedTime":1748863704761}},{"hashValue":"b6ac3bf5e9fd9fd085957c34dddaf393","name":"6886587452300510579","path":"D:\\DevEcoStudio\\04_Complete\\entry\\.preview\\default\\intermediates\\res\\default\\module_compiled\\6886587452300510579","type":"file","isSymbolicLink":false,"fileMetaData":{"size":207,"lastModifiedTime":1748863704766}},{"hashValue":"e29989e4dcfa78748abe0b1a89f78a88","name":"7225172955133459279","path":"D:\\DevEcoStudio\\04_Complete\\entry\\.preview\\default\\intermediates\\res\\default\\module_compiled\\7225172955133459279","type":"file","isSymbolicLink":false,"fileMetaData":{"size":207,"lastModifiedTime":1748863704767}},{"hashValue":"d1e7938dd0476f75956ca2c3e2d1a319","name":"7258784247193170494","path":"D:\\DevEcoStudio\\04_Complete\\entry\\.preview\\default\\intermediates\\res\\default\\module_compiled\\7258784247193170494","type":"file","isSymbolicLink":false,"fileMetaData":{"size":207,"lastModifiedTime":1748863704765}},{"hashValue":"87ab45b4cc65790bb2fc9f5e12143fb7","name":"7307447717784620712","path":"D:\\DevEcoStudio\\04_Complete\\entry\\.preview\\default\\intermediates\\res\\default\\module_compiled\\7307447717784620712","type":"file","isSymbolicLink":false,"fileMetaData":{"size":400,"lastModifiedTime":1748863704759}},{"hashValue":"b0694adb5cf0e1d8670d78bef2fc0ef7","name":"7727062591812836468","path":"D:\\DevEcoStudio\\04_Complete\\entry\\.preview\\default\\intermediates\\res\\default\\module_compiled\\7727062591812836468","type":"file","isSymbolicLink":false,"fileMetaData":{"size":201,"lastModifiedTime":1748863704761}},{"hashValue":"b7c40c8d72ae516e3eb9bc32a05d06f2","name":"827400643291334347","path":"D:\\DevEcoStudio\\04_Complete\\entry\\.preview\\default\\intermediates\\res\\default\\module_compiled\\827400643291334347","type":"file","isSymbolicLink":false,"fileMetaData":{"size":213,"lastModifiedTime":1748863704763}},{"hashValue":"3522d7b565d2387bee84e7800f755321","name":"8338327959120677918","path":"D:\\DevEcoStudio\\04_Complete\\entry\\.preview\\default\\intermediates\\res\\default\\module_compiled\\8338327959120677918","type":"file","isSymbolicLink":false,"fileMetaData":{"size":213,"lastModifiedTime":1748863704763}},{"hashValue":"335ab65ae21cf7964d3c8667a3c6f550","name":"869012328154975277","path":"D:\\DevEcoStudio\\04_Complete\\entry\\.preview\\default\\intermediates\\res\\default\\module_compiled\\869012328154975277","type":"file","isSymbolicLink":false,"fileMetaData":{"size":213,"lastModifiedTime":1748863704762}},{"hashValue":"d02b7d6edcf1cf925eeafde3ec2a4755","name":"916483341206158155","path":"D:\\DevEcoStudio\\04_Complete\\entry\\.preview\\default\\intermediates\\res\\default\\module_compiled\\916483341206158155","type":"file","isSymbolicLink":false,"fileMetaData":{"size":213,"lastModifiedTime":1748863704763}},{"hashValue":"4b71fafeb914944a8ade945f8ac1e6e8","name":"9544380711408098275","path":"D:\\DevEcoStudio\\04_Complete\\entry\\.preview\\default\\intermediates\\res\\default\\module_compiled\\9544380711408098275","type":"file","isSymbolicLink":false,"fileMetaData":{"size":457,"lastModifiedTime":1748863704770}},{"hashValue":"720a5b5783a808ac59e70dfee1a1335f","name":"9562386312460576367","path":"D:\\DevEcoStudio\\04_Complete\\entry\\.preview\\default\\intermediates\\res\\default\\module_compiled\\9562386312460576367","type":"file","isSymbolicLink":false,"fileMetaData":{"size":454,"lastModifiedTime":1748863704769}}]},{"hashValue":"4ebd704ef52373cc8c79274300e71918","name":"module.json","path":"D:\\DevEcoStudio\\04_Complete\\entry\\.preview\\default\\intermediates\\res\\default\\module.json","type":"file","isSymbolicLink":false,"fileMetaData":{"size":1632,"lastModifiedTime":1748863704906}},{"hashValue":"f021eb87562a95160d5b3c3baa4e78d8","name":"resources","path":"D:\\DevEcoStudio\\04_Complete\\entry\\.preview\\default\\intermediates\\res\\default\\resources","type":"directory","isSymbolicLink":false,"children":[{"hashValue":"dd6e740469670ee732741f19e5c0e712","name":"base","path":"D:\\DevEcoStudio\\04_Complete\\entry\\.preview\\default\\intermediates\\res\\default\\resources\\base","type":"directory","isSymbolicLink":false,"children":[{"hashValue":"af2ff87edb81d033e3f03db5fb5aa66c","name":"media","path":"D:\\DevEcoStudio\\04_Complete\\entry\\.preview\\default\\intermediates\\res\\default\\resources\\base\\media","type":"directory","isSymbolicLink":false,"children":[{"hashValue":"f17bef3f39b4d873ca17e8e544150151","name":"layered_image.json","path":"D:\\DevEcoStudio\\04_Complete\\entry\\.preview\\default\\intermediates\\res\\default\\resources\\base\\media\\layered_image.json","type":"file","isSymbolicLink":false,"fileMetaData":{"size":95,"lastModifiedTime":1748863704837}}]},{"hashValue":"3ccdeb8b9e8a6ac12e86a8e235bf9ee3","name":"profile","path":"D:\\DevEcoStudio\\04_Complete\\entry\\.preview\\default\\intermediates\\res\\default\\resources\\base\\profile","type":"directory","isSymbolicLink":false,"children":[{"hashValue":"b2c56d4f618ff6a89700a6d8752062dd","name":"backup_config.json","path":"D:\\DevEcoStudio\\04_Complete\\entry\\.preview\\default\\intermediates\\res\\default\\resources\\base\\profile\\backup_config.json","type":"file","isSymbolicLink":false,"fileMetaData":{"size":36,"lastModifiedTime":1721906729701}},{"hashValue":"933b39bc68e0a891d04562644c954d17","name":"main_pages.json","path":"D:\\DevEcoStudio\\04_Complete\\entry\\.preview\\default\\intermediates\\res\\default\\resources\\base\\profile\\main_pages.json","type":"file","isSymbolicLink":false,"fileMetaData":{"size":24,"lastModifiedTime":1748863704874}}]}]}]},{"hashValue":"52395b28a5acc737ca93322348728c79","name":"resources.index","path":"D:\\DevEcoStudio\\04_Complete\\entry\\.preview\\default\\intermediates\\res\\default\\resources.index","type":"file","isSymbolicLink":false,"fileMetaData":{"size":4810,"lastModifiedTime":1748863704838}},{"hashValue":"09227b3883c2a2f1c3783e034de1cd9c","name":"ResourceTable.txt","path":"D:\\DevEcoStudio\\04_Complete\\entry\\.preview\\default\\intermediates\\res\\default\\ResourceTable.txt","type":"file","isSymbolicLink":false,"fileMetaData":{"size":1190,"lastModifiedTime":1748863704843}}]},"D:\\DevEcoStudio\\04_Complete\\entry\\.preview\\default\\generated\\r\\default":{"hashValue":"bdb7e2714feb670ea3e07e8423b04c36","name":"default","path":"D:\\DevEcoStudio\\04_Complete\\entry\\.preview\\default\\generated\\r\\default","type":"directory","isSymbolicLink":false,"children":[{"hashValue":"f10891b054476b53b6d2ab96417684d5","name":"ResourceTable.h","path":"D:\\DevEcoStudio\\04_Complete\\entry\\.preview\\default\\generated\\r\\default\\ResourceTable.h","type":"file","isSymbolicLink":false,"fileMetaData":{"size":2542,"lastModifiedTime":1748863704842}}]},"D:\\DevEcoStudio\\04_Complete\\entry\\src\\main\\resources\\base\\profile":{"hashValue":"14a757804c791131bdd8ed57f05701de","name":"profile","path":"D:\\DevEcoStudio\\04_Complete\\entry\\src\\main\\resources\\base\\profile","type":"directory","isSymbolicLink":false,"children":[{"hashValue":"b2c56d4f618ff6a89700a6d8752062dd","name":"backup_config.json","path":"D:\\DevEcoStudio\\04_Complete\\entry\\src\\main\\resources\\base\\profile\\backup_config.json","type":"file","isSymbolicLink":false,"fileMetaData":{"size":36,"lastModifiedTime":1721906729701}},{"hashValue":"3e6af5664363b9665f0ba7bcc7d1c3a2","name":"main_pages.json","path":"D:\\DevEcoStudio\\04_Complete\\entry\\src\\main\\resources\\base\\profile\\main_pages.json","type":"file","isSymbolicLink":false,"fileMetaData":{"size":42,"lastModifiedTime":1721906729702}}]},"D:\\DevEcoStudio\\04_Complete\\entry\\.preview\\default\\intermediates\\res\\default\\resources\\base\\profile":{"hashValue":"3ccdeb8b9e8a6ac12e86a8e235bf9ee3","name":"profile","path":"D:\\DevEcoStudio\\04_Complete\\entry\\.preview\\default\\intermediates\\res\\default\\resources\\base\\profile","type":"directory","isSymbolicLink":false,"children":[{"hashValue":"b2c56d4f618ff6a89700a6d8752062dd","name":"backup_config.json","path":"D:\\DevEcoStudio\\04_Complete\\entry\\.preview\\default\\intermediates\\res\\default\\resources\\base\\profile\\backup_config.json","type":"file","isSymbolicLink":false,"fileMetaData":{"size":36,"lastModifiedTime":1721906729701}},{"hashValue":"933b39bc68e0a891d04562644c954d17","name":"main_pages.json","path":"D:\\DevEcoStudio\\04_Complete\\entry\\.preview\\default\\intermediates\\res\\default\\resources\\base\\profile\\main_pages.json","type":"file","isSymbolicLink":false,"fileMetaData":{"size":24,"lastModifiedTime":1748863704874}}]},"D:\\DevEcoStudio\\04_Complete\\entry\\.preview\\default\\intermediates\\res\\default\\module.json":{"hashValue":"4ebd704ef52373cc8c79274300e71918","name":"module.json","path":"D:\\DevEcoStudio\\04_Complete\\entry\\.preview\\default\\intermediates\\res\\default\\module.json","type":"file","isSymbolicLink":false,"fileMetaData":{"size":1632,"lastModifiedTime":1748863704906}},"D:\\DevEcoStudio\\04_Complete\\entry\\.preview\\default\\intermediates\\res\\default\\resources\\base\\profile\\main_pages.json":{"hashValue":"933b39bc68e0a891d04562644c954d17","name":"main_pages.json","path":"D:\\DevEcoStudio\\04_Complete\\entry\\.preview\\default\\intermediates\\res\\default\\resources\\base\\profile\\main_pages.json","type":"file","isSymbolicLink":false,"fileMetaData":{"size":24,"lastModifiedTime":1748863704874}},"D:\\DevEcoStudio\\04_Complete\\entry\\.preview\\default\\intermediates\\loader\\default":{"hashValue":"b90fe580e2673d4cbf82b90a2f890690","name":"default","path":"D:\\DevEcoStudio\\04_Complete\\entry\\.preview\\default\\intermediates\\loader\\default","type":"directory","isSymbolicLink":false,"children":[{"hashValue":"068c482d13d798a3569d6dd6c1c03024","name":"loader.json","path":"D:\\DevEcoStudio\\04_Complete\\entry\\.preview\\default\\intermediates\\loader\\default\\loader.json","type":"file","isSymbolicLink":false,"fileMetaData":{"size":811,"lastModifiedTime":1742635497240}}]},"D:\\DevEcoStudio\\04_Complete\\entry\\.preview\\default\\intermediates\\res\\default\\ResourceTable.txt":{"hashValue":"09227b3883c2a2f1c3783e034de1cd9c","name":"ResourceTable.txt","path":"D:\\DevEcoStudio\\04_Complete\\entry\\.preview\\default\\intermediates\\res\\default\\ResourceTable.txt","type":"file","isSymbolicLink":false,"fileMetaData":{"size":1190,"lastModifiedTime":1748863704843}},"D:\\DevEcoStudio\\04_Complete\\entry\\src\\main\\ets":{"hashValue":"edd53ee0d5c99f7b5edfd6ea5ed015c3","name":"ets","path":"D:\\DevEcoStudio\\04_Complete\\entry\\src\\main\\ets","type":"directory","isSymbolicLink":false,"children":[{"hashValue":"2f1c02379cb8496dacf1390f99a9cb7b","name":"entryability","path":"D:\\DevEcoStudio\\04_Complete\\entry\\src\\main\\ets\\entryability","type":"directory","isSymbolicLink":false,"children":[{"hashValue":"9a0be2d1250d3b81932c9c34cf1f59a2","name":"EntryAbility.ets","path":"D:\\DevEcoStudio\\04_Complete\\entry\\src\\main\\ets\\entryability\\EntryAbility.ets","type":"file","isSymbolicLink":false,"fileMetaData":{"size":1474,"lastModifiedTime":1721906729682}}]},{"hashValue":"a3f4cb0b99b660a3edd02707fd50e712","name":"entrybackupability","path":"D:\\DevEcoStudio\\04_Complete\\entry\\src\\main\\ets\\entrybackupability","type":"directory","isSymbolicLink":false,"children":[{"hashValue":"1104f2039cc06695747d747391799de0","name":"EntryBackupAbility.ets","path":"D:\\DevEcoStudio\\04_Complete\\entry\\src\\main\\ets\\entrybackupability\\EntryBackupAbility.ets","type":"file","isSymbolicLink":false,"fileMetaData":{"size":436,"lastModifiedTime":1721906729683}}]},{"hashValue":"9e1a9c8d0a2c31d6b841ce02225663f1","name":"pages","path":"D:\\DevEcoStudio\\04_Complete\\entry\\src\\main\\ets\\pages","type":"directory","isSymbolicLink":false,"children":[{"hashValue":"1ba69f3f2ab7ef824d88689d19e3e0c8","name":"home.ets","path":"D:\\DevEcoStudio\\04_Complete\\entry\\src\\main\\ets\\pages\\home.ets","type":"file","isSymbolicLink":false,"fileMetaData":{"size":13795,"lastModifiedTime":1749963333856}},{"hashValue":"70b64d4d55b76677c0aaa02bd233454d","name":"Index.ets","path":"D:\\DevEcoStudio\\04_Complete\\entry\\src\\main\\ets\\pages\\Index.ets","type":"file","isSymbolicLink":false,"fileMetaData":{"size":2628,"lastModifiedTime":1749918365416}},{"hashValue":"1bf7c1bf096c041a530e9a86bc30ba3c","name":"Profile.ets","path":"D:\\DevEcoStudio\\04_Complete\\entry\\src\\main\\ets\\pages\\Profile.ets","type":"file","isSymbolicLink":false,"fileMetaData":{"size":4018,"lastModifiedTime":1749963406482}}]},{"hashValue":"a3470041536ebf8cbc87fad4148cc17e","name":"utils","path":"D:\\DevEcoStudio\\04_Complete\\entry\\src\\main\\ets\\utils","type":"directory","isSymbolicLink":false,"children":[{"hashValue":"985a7353d83a753cf86ef1015bece076","name":"BreakpointSystem.ets","path":"D:\\DevEcoStudio\\04_Complete\\entry\\src\\main\\ets\\utils\\BreakpointSystem.ets","type":"file","isSymbolicLink":false,"fileMetaData":{"size":3132,"lastModifiedTime":1749453726883}}]},{"hashValue":"5724a48a8eba86df4809791dde4c2ce9","name":"view","path":"D:\\DevEcoStudio\\04_Complete\\entry\\src\\main\\ets\\view","type":"directory","isSymbolicLink":false,"children":[{"hashValue":"afac60734bb34f29dceb1d62153d8ea0","name":"NavBarItem.ets","path":"D:\\DevEcoStudio\\04_Complete\\entry\\src\\main\\ets\\view\\NavBarItem.ets","type":"file","isSymbolicLink":false,"fileMetaData":{"size":1471,"lastModifiedTime":1749962783122}},{"hashValue":"9b13cce1f5c80d26232045d87925007a","name":"ProfileContent.ets","path":"D:\\DevEcoStudio\\04_Complete\\entry\\src\\main\\ets\\view\\ProfileContent.ets","type":"file","isSymbolicLink":false,"fileMetaData":{"size":5152,"lastModifiedTime":1749963468328}}]}]},"D:\\DevEcoStudio\\04_Complete\\entry\\build\\default\\intermediates\\hap_metadata\\default\\output_metadata.json":{"hashValue":"e299affde3a4ffb701f8db8f21cd19d7","name":"output_metadata.json","path":"D:\\DevEcoStudio\\04_Complete\\entry\\build\\default\\intermediates\\hap_metadata\\default\\output_metadata.json","type":"file","isSymbolicLink":false,"fileMetaData":{"size":100,"lastModifiedTime":1749896147829}},"D:\\DevEcoStudio\\04_Complete\\entry\\build\\default\\intermediates\\merge_profile\\default\\module.json":{"hashValue":"94615ff1f937a285ff3720f0c3fc31c6","name":"module.json","path":"D:\\DevEcoStudio\\04_Complete\\entry\\build\\default\\intermediates\\merge_profile\\default\\module.json","type":"file","isSymbolicLink":false,"fileMetaData":{"size":1577,"lastModifiedTime":1749896147849}},"D:\\DevEcoStudio\\04_Complete\\entry\\build\\default\\generated\\profile\\default\\BuildProfile.ets":{"hashValue":"413b4e39eb567a5c65e0bee27fc1b84a","name":"BuildProfile.ets","path":"D:\\DevEcoStudio\\04_Complete\\entry\\build\\default\\generated\\profile\\default\\BuildProfile.ets","type":"file","isSymbolicLink":false,"fileMetaData":{"size":864,"lastModifiedTime":1749896147862}},"D:\\DevEcoStudio\\04_Complete\\entry\\src\\main\\resources\\base\\profile\\backup_config.json":{"hashValue":"b2c56d4f618ff6a89700a6d8752062dd","name":"backup_config.json","path":"D:\\DevEcoStudio\\04_Complete\\entry\\src\\main\\resources\\base\\profile\\backup_config.json","type":"file","isSymbolicLink":false,"fileMetaData":{"size":36,"lastModifiedTime":1721906729701}},"D:\\DevEcoStudio\\04_Complete\\entry\\build\\default\\outputs\\default\\pack.info":{"hashValue":"0a626e293862c02c84e41b27d799c680","name":"pack.info","path":"D:\\DevEcoStudio\\04_Complete\\entry\\build\\default\\outputs\\default\\pack.info","type":"file","isSymbolicLink":false,"fileMetaData":{"size":638,"lastModifiedTime":1749896147937}},"D:\\DevEcoStudio\\DevEco Studio\\sdk\\default\\openharmony\\toolchains\\syscap_tool.exe":{"hashValue":"ed81bbed6724c038df807d21c5bc77d4","name":"syscap_tool.exe","path":"D:\\DevEcoStudio\\DevEco Studio\\sdk\\default\\openharmony\\toolchains\\syscap_tool.exe","type":"file","isSymbolicLink":false,"fileMetaData":{"size":347648,"lastModifiedTime":1739248126000}},"D:\\DevEcoStudio\\DevEco Studio\\sdk\\default\\openharmony\\ets\\api\\device-define":{"hashValue":"8f7d7690a6f824c2b8023752c98497d7","name":"device-define","path":"D:\\DevEcoStudio\\DevEco Studio\\sdk\\default\\openharmony\\ets\\api\\device-define","type":"directory","isSymbolicLink":false,"children":[{"hashValue":"931efd1cf3777eecad98ffff08c88962","name":"default.json","path":"D:\\DevEcoStudio\\DevEco Studio\\sdk\\default\\openharmony\\ets\\api\\device-define\\default.json","type":"file","isSymbolicLink":false,"fileMetaData":{"size":12477,"lastModifiedTime":1739248126000}},{"hashValue":"70dee1e10d7b7fad617f2af5e82843bc","name":"liteWearable.json","path":"D:\\DevEcoStudio\\DevEco Studio\\sdk\\default\\openharmony\\ets\\api\\device-define\\liteWearable.json","type":"file","isSymbolicLink":false,"fileMetaData":{"size":883,"lastModifiedTime":1739248126000}},{"hashValue":"95bc64826f199bdac1a458be0065f32e","name":"tablet.json","path":"D:\\DevEcoStudio\\DevEco Studio\\sdk\\default\\openharmony\\ets\\api\\device-define\\tablet.json","type":"file","isSymbolicLink":false,"fileMetaData":{"size":11990,"lastModifiedTime":1739248126000}},{"hashValue":"8fb197132a73ac40fe851c828892c536","name":"wearable.json","path":"D:\\DevEcoStudio\\DevEco Studio\\sdk\\default\\openharmony\\ets\\api\\device-define\\wearable.json","type":"file","isSymbolicLink":false,"fileMetaData":{"size":12130,"lastModifiedTime":1739248126000}}]},"D:\\DevEcoStudio\\04_Complete\\entry\\build\\default\\intermediates\\process_profile\\default\\module.json":{"hashValue":"11cfa81e78fe9f83b4f6eb0d5ad87b23","name":"module.json","path":"D:\\DevEcoStudio\\04_Complete\\entry\\build\\default\\intermediates\\process_profile\\default\\module.json","type":"file","isSymbolicLink":false,"fileMetaData":{"size":1663,"lastModifiedTime":1749896149199}},"D:\\DevEcoStudio\\04_Complete\\entry\\build\\default\\intermediates\\router_map\\default\\temp-router-map.json":{"hashValue":"ed381b817d4cd1f943cda5fa9358cd2f","name":"temp-router-map.json","path":"D:\\DevEcoStudio\\04_Complete\\entry\\build\\default\\intermediates\\router_map\\default\\temp-router-map.json","type":"file","isSymbolicLink":false,"fileMetaData":{"size":16,"lastModifiedTime":1749896149213}},"D:\\DevEcoStudio\\04_Complete\\entry\\build\\default\\intermediates\\router_map\\default\\loader-router-map.json":{"hashValue":"5f9eabc3e0ce8be78a4171d2be0db48e","name":"loader-router-map.json","path":"D:\\DevEcoStudio\\04_Complete\\entry\\build\\default\\intermediates\\router_map\\default\\loader-router-map.json","type":"file","isSymbolicLink":false,"fileMetaData":{"size":16,"lastModifiedTime":1749896149214}},"D:\\DevEcoStudio\\04_Complete\\entry\\build\\default\\intermediates\\res\\default\\resConfig.json":{"hashValue":"77e59aa330632294b18322afc0975abe","name":"resConfig.json","path":"D:\\DevEcoStudio\\04_Complete\\entry\\build\\default\\intermediates\\res\\default\\resConfig.json","type":"file","isSymbolicLink":false,"fileMetaData":{"size":1021,"lastModifiedTime":1749896149241}},"D:\\DevEcoStudio\\04_Complete\\entry\\build\\default\\intermediates\\res\\default\\opt-compression.json":{"hashValue":"c7cd86e58aa7e3ac3ebeea21a845c0ee","name":"opt-compression.json","path":"D:\\DevEcoStudio\\04_Complete\\entry\\build\\default\\intermediates\\res\\default\\opt-compression.json","type":"file","isSymbolicLink":false,"fileMetaData":{"size":186,"lastModifiedTime":1749896149240}},"D:\\DevEcoStudio\\04_Complete\\entry\\build\\default\\intermediates\\loader\\default\\loader.json":{"hashValue":"3476e2099ef2661f0bcfdf35e014ede6","name":"loader.json","path":"D:\\DevEcoStudio\\04_Complete\\entry\\build\\default\\intermediates\\loader\\default\\loader.json","type":"file","isSymbolicLink":false,"fileMetaData":{"size":901,"lastModifiedTime":1749896149279}},"D:\\DevEcoStudio\\04_Complete\\entry\\build\\default\\intermediates\\libs\\default":{"hashValue":"","name":"default","path":"D:\\DevEcoStudio\\04_Complete\\entry\\build\\default\\intermediates\\libs\\default","type":"directory","isSymbolicLink":false,"children":[]},"D:\\DevEcoStudio\\04_Complete\\AppScope\\resources":{"hashValue":"ebf49de60b44d841d3373c51efb89d45","name":"resources","path":"D:\\DevEcoStudio\\04_Complete\\AppScope\\resources","type":"directory","isSymbolicLink":false,"children":[{"hashValue":"c918b383165671f11db11986e55b716e","name":"base","path":"D:\\DevEcoStudio\\04_Complete\\AppScope\\resources\\base","type":"directory","isSymbolicLink":false,"children":[{"hashValue":"87e15fdda34d981d23a54d6feedcffc9","name":"element","path":"D:\\DevEcoStudio\\04_Complete\\AppScope\\resources\\base\\element","type":"directory","isSymbolicLink":false,"children":[{"hashValue":"57991c496c9d61f0800a85a1ff48d83d","name":"string.json","path":"D:\\DevEcoStudio\\04_Complete\\AppScope\\resources\\base\\element\\string.json","type":"file","isSymbolicLink":false,"fileMetaData":{"size":105,"lastModifiedTime":1721906729680}}]},{"hashValue":"63297ea017ea4b69621a81a257223a8c","name":"media","path":"D:\\DevEcoStudio\\04_Complete\\AppScope\\resources\\base\\media","type":"directory","isSymbolicLink":false,"children":[{"hashValue":"86233200d1cc03dead08e97d21be3c14","name":"app_icon.png","path":"D:\\DevEcoStudio\\04_Complete\\AppScope\\resources\\base\\media\\app_icon.png","type":"file","isSymbolicLink":false,"fileMetaData":{"size":84851,"lastModifiedTime":1721906729681}}]}]}]},"D:\\DevEcoStudio\\04_Complete\\entry\\build\\default\\intermediates\\res\\default":{"hashValue":"5c55d6b06d4ae26432621a8795f43871","name":"default","path":"D:\\DevEcoStudio\\04_Complete\\entry\\build\\default\\intermediates\\res\\default","type":"directory","isSymbolicLink":false,"children":[{"hashValue":"e885df1d98da1d9299ee8dfdbbdc5948","name":".caches","path":"D:\\DevEcoStudio\\04_Complete\\entry\\build\\default\\intermediates\\res\\default\\.caches","type":"directory","isSymbolicLink":false,"children":[{"hashValue":"62933a2951ef01f4eafd9bdf4d3cd2f0","name":"base","path":"D:\\DevEcoStudio\\04_Complete\\entry\\build\\default\\intermediates\\res\\default\\.caches\\base","type":"directory","isSymbolicLink":false,"children":[{"hashValue":"","name":"media","path":"D:\\DevEcoStudio\\04_Complete\\entry\\build\\default\\intermediates\\res\\default\\.caches\\base\\media","type":"directory","isSymbolicLink":false,"children":[]}]}]},{"hashValue":"49587a03bb4876673af19bec86cbb4db","name":"ark_module.json","path":"D:\\DevEcoStudio\\04_Complete\\entry\\build\\default\\intermediates\\res\\default\\ark_module.json","type":"file","isSymbolicLink":false,"fileMetaData":{"size":1318,"lastModifiedTime":1749896149197}},{"hashValue":"30ddfd7abecb4e6f40a89334621dbe95","name":"ids_map","path":"D:\\DevEcoStudio\\04_Complete\\entry\\build\\default\\intermediates\\res\\default\\ids_map","type":"directory","isSymbolicLink":false,"children":[{"hashValue":"710b871d720e8d0fd885d2dc06a425bf","name":"id_defined.json","path":"D:\\DevEcoStudio\\04_Complete\\entry\\build\\default\\intermediates\\res\\default\\ids_map\\id_defined.json","type":"file","isSymbolicLink":false,"fileMetaData":{"size":4284,"lastModifiedTime":1749918372054}}]},{"hashValue":"7b909d5185027ac72cb7fb0315e384e9","name":"module.json","path":"D:\\DevEcoStudio\\04_Complete\\entry\\build\\default\\intermediates\\res\\default\\module.json","type":"file","isSymbolicLink":false,"fileMetaData":{"size":1843,"lastModifiedTime":1749918372034}},{"hashValue":"c7cd86e58aa7e3ac3ebeea21a845c0ee","name":"opt-compression.json","path":"D:\\DevEcoStudio\\04_Complete\\entry\\build\\default\\intermediates\\res\\default\\opt-compression.json","type":"file","isSymbolicLink":false,"fileMetaData":{"size":186,"lastModifiedTime":1749896149240}},{"hashValue":"77e59aa330632294b18322afc0975abe","name":"resConfig.json","path":"D:\\DevEcoStudio\\04_Complete\\entry\\build\\default\\intermediates\\res\\default\\resConfig.json","type":"file","isSymbolicLink":false,"fileMetaData":{"size":1021,"lastModifiedTime":1749896149241}},{"hashValue":"59db71c9744f8918f876a98b6dab85aa","name":"resources","path":"D:\\DevEcoStudio\\04_Complete\\entry\\build\\default\\intermediates\\res\\default\\resources","type":"directory","isSymbolicLink":false,"children":[{"hashValue":"06c76e6d756e0079a029a165de53ed44","name":"base","path":"D:\\DevEcoStudio\\04_Complete\\entry\\build\\default\\intermediates\\res\\default\\resources\\base","type":"directory","isSymbolicLink":false,"children":[{"hashValue":"a05fc0cc637450c590eaabf0895dfa4f","name":"media","path":"D:\\DevEcoStudio\\04_Complete\\entry\\build\\default\\intermediates\\res\\default\\resources\\base\\media","type":"directory","isSymbolicLink":false,"children":[{"hashValue":"86233200d1cc03dead08e97d21be3c14","name":"app_icon.png","path":"D:\\DevEcoStudio\\04_Complete\\entry\\build\\default\\intermediates\\res\\default\\resources\\base\\media\\app_icon.png","type":"file","isSymbolicLink":false,"fileMetaData":{"size":84851,"lastModifiedTime":1721906729681}},{"hashValue":"13a91675f6db71eea58ad3f6b84fa523","name":"avatar.jpg","path":"D:\\DevEcoStudio\\04_Complete\\entry\\build\\default\\intermediates\\res\\default\\resources\\base\\media\\avatar.jpg","type":"file","isSymbolicLink":false,"fileMetaData":{"size":350331,"lastModifiedTime":1749041322869}},{"hashValue":"842c4aa1534cde8d68577d9ebe986bad","name":"background.png","path":"D:\\DevEcoStudio\\04_Complete\\entry\\build\\default\\intermediates\\res\\default\\resources\\base\\media\\background.png","type":"file","isSymbolicLink":false,"fileMetaData":{"size":6832,"lastModifiedTime":1721906729982}},{"hashValue":"cfda48af06a49cce3bb5004d81769fa9","name":"banner_pic0.jpg","path":"D:\\DevEcoStudio\\04_Complete\\entry\\build\\default\\intermediates\\res\\default\\resources\\base\\media\\banner_pic0.jpg","type":"file","isSymbolicLink":false,"fileMetaData":{"size":350331,"lastModifiedTime":1749041322869}},{"hashValue":"91aac070050581f60def049587c47287","name":"banner_pic1.jpg","path":"D:\\DevEcoStudio\\04_Complete\\entry\\build\\default\\intermediates\\res\\default\\resources\\base\\media\\banner_pic1.jpg","type":"file","isSymbolicLink":false,"fileMetaData":{"size":72257,"lastModifiedTime":1749724131549}},{"hashValue":"cd035d15a1ab46de9d038691005437e9","name":"banner_pic2.jpg","path":"D:\\DevEcoStudio\\04_Complete\\entry\\build\\default\\intermediates\\res\\default\\resources\\base\\media\\banner_pic2.jpg","type":"file","isSymbolicLink":false,"fileMetaData":{"size":350331,"lastModifiedTime":1749041322869}},{"hashValue":"acd65cdfcf4b8e38f1fb15b27b7cf140","name":"banner_pic3.jpg","path":"D:\\DevEcoStudio\\04_Complete\\entry\\build\\default\\intermediates\\res\\default\\resources\\base\\media\\banner_pic3.jpg","type":"file","isSymbolicLink":false,"fileMetaData":{"size":350331,"lastModifiedTime":1749041322869}},{"hashValue":"141376ff73f294a304dedb8ddcc38d27","name":"banner_pic4.jpg","path":"D:\\DevEcoStudio\\04_Complete\\entry\\build\\default\\intermediates\\res\\default\\resources\\base\\media\\banner_pic4.jpg","type":"file","isSymbolicLink":false,"fileMetaData":{"size":350331,"lastModifiedTime":1749041322869}},{"hashValue":"562bb5bc5ff10b695837e55cf73e2826","name":"banner_pic5.jpg","path":"D:\\DevEcoStudio\\04_Complete\\entry\\build\\default\\intermediates\\res\\default\\resources\\base\\media\\banner_pic5.jpg","type":"file","isSymbolicLink":false,"fileMetaData":{"size":350331,"lastModifiedTime":1749041322869}},{"hashValue":"063d672bd09e455be0be0d293edf22a7","name":"enablement_pic1.jpg","path":"D:\\DevEcoStudio\\04_Complete\\entry\\build\\default\\intermediates\\res\\default\\resources\\base\\media\\enablement_pic1.jpg","type":"file","isSymbolicLink":false,"fileMetaData":{"size":37447,"lastModifiedTime":1749565750819}},{"hashValue":"2e1650ec3d9f4cfe7515ccd471514784","name":"enablement_pic2.jpg","path":"D:\\DevEcoStudio\\04_Complete\\entry\\build\\default\\intermediates\\res\\default\\resources\\base\\media\\enablement_pic2.jpg","type":"file","isSymbolicLink":false,"fileMetaData":{"size":34955,"lastModifiedTime":1749565307868}},{"hashValue":"bb23fa91bfbfdf957ff812d24e7e0c08","name":"enablement_pic3.jpg","path":"D:\\DevEcoStudio\\04_Complete\\entry\\build\\default\\intermediates\\res\\default\\resources\\base\\media\\enablement_pic3.jpg","type":"file","isSymbolicLink":false,"fileMetaData":{"size":41067,"lastModifiedTime":1749565996079}},{"hashValue":"5939df9a50ed455c22a3176c38764766","name":"enablement_pic4.jpg","path":"D:\\DevEcoStudio\\04_Complete\\entry\\build\\default\\intermediates\\res\\default\\resources\\base\\media\\enablement_pic4.jpg","type":"file","isSymbolicLink":false,"fileMetaData":{"size":29236,"lastModifiedTime":1749621319061}},{"hashValue":"980d74ddab2b8b841c38c96d7228b5e0","name":"enablement_pic5.jpg","path":"D:\\DevEcoStudio\\04_Complete\\entry\\build\\default\\intermediates\\res\\default\\resources\\base\\media\\enablement_pic5.jpg","type":"file","isSymbolicLink":false,"fileMetaData":{"size":17421,"lastModifiedTime":1749621617434}},{"hashValue":"01385cdfc06e00b785f66aa92f082121","name":"enablement_pic6.jpg","path":"D:\\DevEcoStudio\\04_Complete\\entry\\build\\default\\intermediates\\res\\default\\resources\\base\\media\\enablement_pic6.jpg","type":"file","isSymbolicLink":false,"fileMetaData":{"size":524692,"lastModifiedTime":1749621766784}},{"hashValue":"21a38e72dd1d7aa64c860e7dc1cd5212","name":"enablement_pic7.jpg","path":"D:\\DevEcoStudio\\04_Complete\\entry\\build\\default\\intermediates\\res\\default\\resources\\base\\media\\enablement_pic7.jpg","type":"file","isSymbolicLink":false,"fileMetaData":{"size":147653,"lastModifiedTime":1749621993764}},{"hashValue":"ba56b68969327af69685f041547cf5ef","name":"enablement_pic8.jpg","path":"D:\\DevEcoStudio\\04_Complete\\entry\\build\\default\\intermediates\\res\\default\\resources\\base\\media\\enablement_pic8.jpg","type":"file","isSymbolicLink":false,"fileMetaData":{"size":756959,"lastModifiedTime":1749622126340}},{"hashValue":"23b0235ab7659499f8bbde7c7718d955","name":"foreground.png","path":"D:\\DevEcoStudio\\04_Complete\\entry\\build\\default\\intermediates\\res\\default\\resources\\base\\media\\foreground.png","type":"file","isSymbolicLink":false,"fileMetaData":{"size":19256,"lastModifiedTime":1721906729982}},{"hashValue":"9eebc3700f67006359e476af386f0b1d","name":"ic_01_off.svg","path":"D:\\DevEcoStudio\\04_Complete\\entry\\build\\default\\intermediates\\res\\default\\resources\\base\\media\\ic_01_off.svg","type":"file","isSymbolicLink":false,"fileMetaData":{"size":1387,"lastModifiedTime":1721906729983}},{"hashValue":"c27a3666b6bb8f97c1023c493bda523f","name":"ic_01_on.svg","path":"D:\\DevEcoStudio\\04_Complete\\entry\\build\\default\\intermediates\\res\\default\\resources\\base\\media\\ic_01_on.svg","type":"file","isSymbolicLink":false,"fileMetaData":{"size":1315,"lastModifiedTime":1721906729983}},{"hashValue":"aa8bd10376f80e4792cdb73bebb01397","name":"ic_02_off.svg","path":"D:\\DevEcoStudio\\04_Complete\\entry\\build\\default\\intermediates\\res\\default\\resources\\base\\media\\ic_02_off.svg","type":"file","isSymbolicLink":false,"fileMetaData":{"size":3686,"lastModifiedTime":1721906729983}},{"hashValue":"d2f2a443303fdca5557267861ad2171c","name":"ic_02_on.svg","path":"D:\\DevEcoStudio\\04_Complete\\entry\\build\\default\\intermediates\\res\\default\\resources\\base\\media\\ic_02_on.svg","type":"file","isSymbolicLink":false,"fileMetaData":{"size":3665,"lastModifiedTime":1721906729983}},{"hashValue":"1af848b3e0c61c5b15997444fc15e7b4","name":"ic_03_off.svg","path":"D:\\DevEcoStudio\\04_Complete\\entry\\build\\default\\intermediates\\res\\default\\resources\\base\\media\\ic_03_off.svg","type":"file","isSymbolicLink":false,"fileMetaData":{"size":4859,"lastModifiedTime":1721906729983}},{"hashValue":"20f0e00e39832e0e607b7a114c6ab79b","name":"ic_03_on.svg","path":"D:\\DevEcoStudio\\04_Complete\\entry\\build\\default\\intermediates\\res\\default\\resources\\base\\media\\ic_03_on.svg","type":"file","isSymbolicLink":false,"fileMetaData":{"size":4876,"lastModifiedTime":1721906729983}},{"hashValue":"62e392089827590bef193d2159ba6da7","name":"ic_AI_read_normal.svg","path":"D:\\DevEcoStudio\\04_Complete\\entry\\build\\default\\intermediates\\res\\default\\resources\\base\\media\\ic_AI_read_normal.svg","type":"file","isSymbolicLink":false,"fileMetaData":{"size":3484,"lastModifiedTime":1721906729974}},{"hashValue":"fb2aae4b41be4074bbc2b224fcd18ced","name":"ic_AI_read_on.svg","path":"D:\\DevEcoStudio\\04_Complete\\entry\\build\\default\\intermediates\\res\\default\\resources\\base\\media\\ic_AI_read_on.svg","type":"file","isSymbolicLink":false,"fileMetaData":{"size":3448,"lastModifiedTime":1721906729974}},{"hashValue":"8a0ddec3f449b1cfe00eb32703a01f6e","name":"ic_arrow.jpg","path":"D:\\DevEcoStudio\\04_Complete\\entry\\build\\default\\intermediates\\res\\default\\resources\\base\\media\\ic_arrow.jpg","type":"file","isSymbolicLink":false,"fileMetaData":{"size":350331,"lastModifiedTime":1749041322869}},{"hashValue":"348ff4cb2c49c6241b0a92cb6894b974","name":"ic_back.svg","path":"D:\\DevEcoStudio\\04_Complete\\entry\\build\\default\\intermediates\\res\\default\\resources\\base\\media\\ic_back.svg","type":"file","isSymbolicLink":false,"fileMetaData":{"size":1693,"lastModifiedTime":1721906729974}},{"hashValue":"36d9bd94f47582ed8ac0718cc5861960","name":"ic_edit.jpg","path":"D:\\DevEcoStudio\\04_Complete\\entry\\build\\default\\intermediates\\res\\default\\resources\\base\\media\\ic_edit.jpg","type":"file","isSymbolicLink":false,"fileMetaData":{"size":350331,"lastModifiedTime":1749041322869}},{"hashValue":"bac1c9889525ba8b472764d017007a53","name":"ic_favorites.jpg","path":"D:\\DevEcoStudio\\04_Complete\\entry\\build\\default\\intermediates\\res\\default\\resources\\base\\media\\ic_favorites.jpg","type":"file","isSymbolicLink":false,"fileMetaData":{"size":350331,"lastModifiedTime":1749041322869}},{"hashValue":"078a3c979bdb577c7ff3d69ffbdfe627","name":"ic_footprint.jpg","path":"D:\\DevEcoStudio\\04_Complete\\entry\\build\\default\\intermediates\\res\\default\\resources\\base\\media\\ic_footprint.jpg","type":"file","isSymbolicLink":false,"fileMetaData":{"size":350331,"lastModifiedTime":1749041322869}},{"hashValue":"fd1e406bcf4909e8a4f9ffab46859091","name":"ic_notification.jpg","path":"D:\\DevEcoStudio\\04_Complete\\entry\\build\\default\\intermediates\\res\\default\\resources\\base\\media\\ic_notification.jpg","type":"file","isSymbolicLink":false,"fileMetaData":{"size":350331,"lastModifiedTime":1749041322869}},{"hashValue":"6063f714dac9fea79ee5a1baee3e91d2","name":"ic_orders.jpg","path":"D:\\DevEcoStudio\\04_Complete\\entry\\build\\default\\intermediates\\res\\default\\resources\\base\\media\\ic_orders.jpg","type":"file","isSymbolicLink":false,"fileMetaData":{"size":350331,"lastModifiedTime":1749041322869}},{"hashValue":"b54d5824141f0b15ef2b4725869565b6","name":"ic_profile.jpg","path":"D:\\DevEcoStudio\\04_Complete\\entry\\build\\default\\intermediates\\res\\default\\resources\\base\\media\\ic_profile.jpg","type":"file","isSymbolicLink":false,"fileMetaData":{"size":350331,"lastModifiedTime":1749041322869}},{"hashValue":"341a46a9d1ac8e311ff309b9ab0ed2d3","name":"ic_settings.jpg","path":"D:\\DevEcoStudio\\04_Complete\\entry\\build\\default\\intermediates\\res\\default\\resources\\base\\media\\ic_settings.jpg","type":"file","isSymbolicLink":false,"fileMetaData":{"size":350331,"lastModifiedTime":1749041322869}},{"hashValue":"ac6830cfa3b04709688a9cb951e01eab","name":"ic_start_icon.png","path":"D:\\DevEcoStudio\\04_Complete\\entry\\build\\default\\intermediates\\res\\default\\resources\\base\\media\\ic_start_icon.png","type":"file","isSymbolicLink":false,"fileMetaData":{"size":84851,"lastModifiedTime":1721906729984}},{"hashValue":"5872bc107fd47cfbe763560824ab885e","name":"layered_image.json","path":"D:\\DevEcoStudio\\04_Complete\\entry\\build\\default\\intermediates\\res\\default\\resources\\base\\media\\layered_image.json","type":"file","isSymbolicLink":false,"fileMetaData":{"size":95,"lastModifiedTime":1749918372031}},{"hashValue":"85fc8826bba9394651adaed50ea238cf","name":"tutorial_pic1.png","path":"D:\\DevEcoStudio\\04_Complete\\entry\\build\\default\\intermediates\\res\\default\\resources\\base\\media\\tutorial_pic1.png","type":"file","isSymbolicLink":false,"fileMetaData":{"size":13182,"lastModifiedTime":1721906729975}},{"hashValue":"fa423eab9b01ed809597fba7068d307d","name":"tutorial_pic10.png","path":"D:\\DevEcoStudio\\04_Complete\\entry\\build\\default\\intermediates\\res\\default\\resources\\base\\media\\tutorial_pic10.png","type":"file","isSymbolicLink":false,"fileMetaData":{"size":6996,"lastModifiedTime":1721906729975}},{"hashValue":"a8aebb7ade639695923c8c0ddb227662","name":"tutorial_pic11.png","path":"D:\\DevEcoStudio\\04_Complete\\entry\\build\\default\\intermediates\\res\\default\\resources\\base\\media\\tutorial_pic11.png","type":"file","isSymbolicLink":false,"fileMetaData":{"size":4889,"lastModifiedTime":1721906729975}},{"hashValue":"eef3a8e67c9ba0c717d567e4b958a2d2","name":"tutorial_pic12.png","path":"D:\\DevEcoStudio\\04_Complete\\entry\\build\\default\\intermediates\\res\\default\\resources\\base\\media\\tutorial_pic12.png","type":"file","isSymbolicLink":false,"fileMetaData":{"size":5446,"lastModifiedTime":1721906729975}},{"hashValue":"79ee7b8ff1b3111578955d960a7f9378","name":"tutorial_pic2.png","path":"D:\\DevEcoStudio\\04_Complete\\entry\\build\\default\\intermediates\\res\\default\\resources\\base\\media\\tutorial_pic2.png","type":"file","isSymbolicLink":false,"fileMetaData":{"size":5847,"lastModifiedTime":1721906729976}},{"hashValue":"4ca79a1082d2bdd44ddb6ba04f68d1bf","name":"tutorial_pic3.png","path":"D:\\DevEcoStudio\\04_Complete\\entry\\build\\default\\intermediates\\res\\default\\resources\\base\\media\\tutorial_pic3.png","type":"file","isSymbolicLink":false,"fileMetaData":{"size":6113,"lastModifiedTime":1721906729976}},{"hashValue":"d5e66ad9a0125a3a59e39f54a5d82ee3","name":"tutorial_pic4.png","path":"D:\\DevEcoStudio\\04_Complete\\entry\\build\\default\\intermediates\\res\\default\\resources\\base\\media\\tutorial_pic4.png","type":"file","isSymbolicLink":false,"fileMetaData":{"size":6815,"lastModifiedTime":1721906729976}},{"hashValue":"620db4778b0ff9a9cdc08993fe0e67db","name":"tutorial_pic5.png","path":"D:\\DevEcoStudio\\04_Complete\\entry\\build\\default\\intermediates\\res\\default\\resources\\base\\media\\tutorial_pic5.png","type":"file","isSymbolicLink":false,"fileMetaData":{"size":5247,"lastModifiedTime":1721906729976}},{"hashValue":"a5e841618b3de4323756ed566e597a91","name":"tutorial_pic6.png","path":"D:\\DevEcoStudio\\04_Complete\\entry\\build\\default\\intermediates\\res\\default\\resources\\base\\media\\tutorial_pic6.png","type":"file","isSymbolicLink":false,"fileMetaData":{"size":5647,"lastModifiedTime":1721906729977}},{"hashValue":"000de2b4e77f9ba765b25503c9000645","name":"tutorial_pic7.png","path":"D:\\DevEcoStudio\\04_Complete\\entry\\build\\default\\intermediates\\res\\default\\resources\\base\\media\\tutorial_pic7.png","type":"file","isSymbolicLink":false,"fileMetaData":{"size":5099,"lastModifiedTime":1721906729977}},{"hashValue":"8d2653144d1df0275cf812f3b6978378","name":"tutorial_pic8.png","path":"D:\\DevEcoStudio\\04_Complete\\entry\\build\\default\\intermediates\\res\\default\\resources\\base\\media\\tutorial_pic8.png","type":"file","isSymbolicLink":false,"fileMetaData":{"size":5779,"lastModifiedTime":1721906729977}},{"hashValue":"1ae6e6c2b57496f282af24e9c5842b7a","name":"tutorial_pic9.png","path":"D:\\DevEcoStudio\\04_Complete\\entry\\build\\default\\intermediates\\res\\default\\resources\\base\\media\\tutorial_pic9.png","type":"file","isSymbolicLink":false,"fileMetaData":{"size":5653,"lastModifiedTime":1721906729978}}]},{"hashValue":"14a757804c791131bdd8ed57f05701de","name":"profile","path":"D:\\DevEcoStudio\\04_Complete\\entry\\build\\default\\intermediates\\res\\default\\resources\\base\\profile","type":"directory","isSymbolicLink":false,"children":[{"hashValue":"b2c56d4f618ff6a89700a6d8752062dd","name":"backup_config.json","path":"D:\\DevEcoStudio\\04_Complete\\entry\\build\\default\\intermediates\\res\\default\\resources\\base\\profile\\backup_config.json","type":"file","isSymbolicLink":false,"fileMetaData":{"size":36,"lastModifiedTime":1721906729701}},{"hashValue":"3e6af5664363b9665f0ba7bcc7d1c3a2","name":"main_pages.json","path":"D:\\DevEcoStudio\\04_Complete\\entry\\build\\default\\intermediates\\res\\default\\resources\\base\\profile\\main_pages.json","type":"file","isSymbolicLink":false,"fileMetaData":{"size":42,"lastModifiedTime":1721906729702}}]}]}]},{"hashValue":"2ceea13fd4bb6efe2024ce5c650b8dfb","name":"resources.index","path":"D:\\DevEcoStudio\\04_Complete\\entry\\build\\default\\intermediates\\res\\default\\resources.index","type":"file","isSymbolicLink":false,"fileMetaData":{"size":4943,"lastModifiedTime":1749918372053}},{"hashValue":"bf08f3fc448f136da09909de081c7e60","name":"ResourceTable.txt","path":"D:\\DevEcoStudio\\04_Complete\\entry\\build\\default\\intermediates\\res\\default\\ResourceTable.txt","type":"file","isSymbolicLink":false,"fileMetaData":{"size":1692,"lastModifiedTime":1749918372033}}]},"D:\\DevEcoStudio\\04_Complete\\entry\\build\\default\\generated\\r\\default\\ResourceTable.h":{"hashValue":"2da05da762a4c464d10efd430558b585","name":"ResourceTable.h","path":"D:\\DevEcoStudio\\04_Complete\\entry\\build\\default\\generated\\r\\default\\ResourceTable.h","type":"file","isSymbolicLink":false,"fileMetaData":{"size":3350,"lastModifiedTime":1749918372032}},"D:\\DevEcoStudio\\04_Complete\\entry\\build\\default\\generated\\r\\default":{"hashValue":"8babc0ef47bd925953041cd1e9deb2b7","name":"default","path":"D:\\DevEcoStudio\\04_Complete\\entry\\build\\default\\generated\\r\\default","type":"directory","isSymbolicLink":false,"children":[{"hashValue":"2da05da762a4c464d10efd430558b585","name":"ResourceTable.h","path":"D:\\DevEcoStudio\\04_Complete\\entry\\build\\default\\generated\\r\\default\\ResourceTable.h","type":"file","isSymbolicLink":false,"fileMetaData":{"size":3350,"lastModifiedTime":1749918372032}}]},"D:\\DevEcoStudio\\04_Complete\\entry\\build\\default\\intermediates\\loader\\default":{"hashValue":"b4db5dba6dd13723b32bf314246dd934","name":"default","path":"D:\\DevEcoStudio\\04_Complete\\entry\\build\\default\\intermediates\\loader\\default","type":"directory","isSymbolicLink":false,"children":[{"hashValue":"3476e2099ef2661f0bcfdf35e014ede6","name":"loader.json","path":"D:\\DevEcoStudio\\04_Complete\\entry\\build\\default\\intermediates\\loader\\default\\loader.json","type":"file","isSymbolicLink":false,"fileMetaData":{"size":901,"lastModifiedTime":1749896149279}}]},"D:\\DevEcoStudio\\04_Complete\\entry\\build\\default\\intermediates\\res\\default\\ResourceTable.txt":{"hashValue":"bf08f3fc448f136da09909de081c7e60","name":"ResourceTable.txt","path":"D:\\DevEcoStudio\\04_Complete\\entry\\build\\default\\intermediates\\res\\default\\ResourceTable.txt","type":"file","isSymbolicLink":false,"fileMetaData":{"size":1692,"lastModifiedTime":1749918372033}},"D:\\DevEcoStudio\\04_Complete\\entry\\build\\default\\intermediates\\res\\default\\ark_module.json":{"hashValue":"49587a03bb4876673af19bec86cbb4db","name":"ark_module.json","path":"D:\\DevEcoStudio\\04_Complete\\entry\\build\\default\\intermediates\\res\\default\\ark_module.json","type":"file","isSymbolicLink":false,"fileMetaData":{"size":1318,"lastModifiedTime":1749896149197}},"D:\\DevEcoStudio\\04_Complete\\entry\\build\\default\\intermediates\\res\\default\\resources\\base\\profile":{"hashValue":"14a757804c791131bdd8ed57f05701de","name":"profile","path":"D:\\DevEcoStudio\\04_Complete\\entry\\build\\default\\intermediates\\res\\default\\resources\\base\\profile","type":"directory","isSymbolicLink":false,"children":[{"hashValue":"b2c56d4f618ff6a89700a6d8752062dd","name":"backup_config.json","path":"D:\\DevEcoStudio\\04_Complete\\entry\\build\\default\\intermediates\\res\\default\\resources\\base\\profile\\backup_config.json","type":"file","isSymbolicLink":false,"fileMetaData":{"size":36,"lastModifiedTime":1721906729701}},{"hashValue":"3e6af5664363b9665f0ba7bcc7d1c3a2","name":"main_pages.json","path":"D:\\DevEcoStudio\\04_Complete\\entry\\build\\default\\intermediates\\res\\default\\resources\\base\\profile\\main_pages.json","type":"file","isSymbolicLink":false,"fileMetaData":{"size":42,"lastModifiedTime":1721906729702}}]},"D:\\DevEcoStudio\\04_Complete\\entry\\build\\default\\intermediates\\loader_out\\default\\ets":{"hashValue":"6b984c6efbfb1c9478350bed2ef3da20","name":"ets","path":"D:\\DevEcoStudio\\04_Complete\\entry\\build\\default\\intermediates\\loader_out\\default\\ets","type":"directory","isSymbolicLink":false,"children":[{"hashValue":"a2e285ff41f4174d780b81aa0d533744","name":"modules.abc","path":"D:\\DevEcoStudio\\04_Complete\\entry\\build\\default\\intermediates\\loader_out\\default\\ets\\modules.abc","type":"file","isSymbolicLink":false,"fileMetaData":{"size":118136,"lastModifiedTime":1749963473968}},{"hashValue":"a9bd6135a6eaffbaec699c55e38ee02f","name":"sourceMaps.map","path":"D:\\DevEcoStudio\\04_Complete\\entry\\build\\default\\intermediates\\loader_out\\default\\ets\\sourceMaps.map","type":"file","isSymbolicLink":false,"fileMetaData":{"size":29883,"lastModifiedTime":1749963473440}}]},"D:\\DevEcoStudio\\04_Complete\\entry\\build\\default\\intermediates\\stripped_native_libs\\default":{"hashValue":"","name":"default","path":"D:\\DevEcoStudio\\04_Complete\\entry\\build\\default\\intermediates\\stripped_native_libs\\default","type":"directory","isSymbolicLink":false,"children":[]},"D:\\DevEcoStudio\\04_Complete\\entry\\build\\default\\intermediates\\patch\\default\\base_native_libs.json":{"hashValue":"10c862df6bc98be735617e9d71eca7d6","name":"base_native_libs.json","path":"D:\\DevEcoStudio\\04_Complete\\entry\\build\\default\\intermediates\\patch\\default\\base_native_libs.json","type":"file","isSymbolicLink":false,"fileMetaData":{"size":25,"lastModifiedTime":1749896157574}},"D:\\DevEcoStudio\\04_Complete\\entry\\build\\default\\intermediates\\res\\default\\module.json":{"hashValue":"7b909d5185027ac72cb7fb0315e384e9","name":"module.json","path":"D:\\DevEcoStudio\\04_Complete\\entry\\build\\default\\intermediates\\res\\default\\module.json","type":"file","isSymbolicLink":false,"fileMetaData":{"size":1843,"lastModifiedTime":1749918372034}},"D:\\DevEcoStudio\\04_Complete\\entry\\build\\default\\intermediates\\package\\default\\module.json":{"hashValue":"7b909d5185027ac72cb7fb0315e384e9","name":"module.json","path":"D:\\DevEcoStudio\\04_Complete\\entry\\build\\default\\intermediates\\package\\default\\module.json","type":"file","isSymbolicLink":false,"fileMetaData":{"size":1843,"lastModifiedTime":1749918372034}},"D:\\DevEcoStudio\\04_Complete\\entry\\build\\default\\intermediates\\res\\default\\resources":{"hashValue":"59db71c9744f8918f876a98b6dab85aa","name":"resources","path":"D:\\DevEcoStudio\\04_Complete\\entry\\build\\default\\intermediates\\res\\default\\resources","type":"directory","isSymbolicLink":false,"children":[{"hashValue":"06c76e6d756e0079a029a165de53ed44","name":"base","path":"D:\\DevEcoStudio\\04_Complete\\entry\\build\\default\\intermediates\\res\\default\\resources\\base","type":"directory","isSymbolicLink":false,"children":[{"hashValue":"a05fc0cc637450c590eaabf0895dfa4f","name":"media","path":"D:\\DevEcoStudio\\04_Complete\\entry\\build\\default\\intermediates\\res\\default\\resources\\base\\media","type":"directory","isSymbolicLink":false,"children":[{"hashValue":"86233200d1cc03dead08e97d21be3c14","name":"app_icon.png","path":"D:\\DevEcoStudio\\04_Complete\\entry\\build\\default\\intermediates\\res\\default\\resources\\base\\media\\app_icon.png","type":"file","isSymbolicLink":false,"fileMetaData":{"size":84851,"lastModifiedTime":1721906729681}},{"hashValue":"13a91675f6db71eea58ad3f6b84fa523","name":"avatar.jpg","path":"D:\\DevEcoStudio\\04_Complete\\entry\\build\\default\\intermediates\\res\\default\\resources\\base\\media\\avatar.jpg","type":"file","isSymbolicLink":false,"fileMetaData":{"size":350331,"lastModifiedTime":1749041322869}},{"hashValue":"842c4aa1534cde8d68577d9ebe986bad","name":"background.png","path":"D:\\DevEcoStudio\\04_Complete\\entry\\build\\default\\intermediates\\res\\default\\resources\\base\\media\\background.png","type":"file","isSymbolicLink":false,"fileMetaData":{"size":6832,"lastModifiedTime":1721906729982}},{"hashValue":"cfda48af06a49cce3bb5004d81769fa9","name":"banner_pic0.jpg","path":"D:\\DevEcoStudio\\04_Complete\\entry\\build\\default\\intermediates\\res\\default\\resources\\base\\media\\banner_pic0.jpg","type":"file","isSymbolicLink":false,"fileMetaData":{"size":350331,"lastModifiedTime":1749041322869}},{"hashValue":"91aac070050581f60def049587c47287","name":"banner_pic1.jpg","path":"D:\\DevEcoStudio\\04_Complete\\entry\\build\\default\\intermediates\\res\\default\\resources\\base\\media\\banner_pic1.jpg","type":"file","isSymbolicLink":false,"fileMetaData":{"size":72257,"lastModifiedTime":1749724131549}},{"hashValue":"cd035d15a1ab46de9d038691005437e9","name":"banner_pic2.jpg","path":"D:\\DevEcoStudio\\04_Complete\\entry\\build\\default\\intermediates\\res\\default\\resources\\base\\media\\banner_pic2.jpg","type":"file","isSymbolicLink":false,"fileMetaData":{"size":350331,"lastModifiedTime":1749041322869}},{"hashValue":"acd65cdfcf4b8e38f1fb15b27b7cf140","name":"banner_pic3.jpg","path":"D:\\DevEcoStudio\\04_Complete\\entry\\build\\default\\intermediates\\res\\default\\resources\\base\\media\\banner_pic3.jpg","type":"file","isSymbolicLink":false,"fileMetaData":{"size":350331,"lastModifiedTime":1749041322869}},{"hashValue":"141376ff73f294a304dedb8ddcc38d27","name":"banner_pic4.jpg","path":"D:\\DevEcoStudio\\04_Complete\\entry\\build\\default\\intermediates\\res\\default\\resources\\base\\media\\banner_pic4.jpg","type":"file","isSymbolicLink":false,"fileMetaData":{"size":350331,"lastModifiedTime":1749041322869}},{"hashValue":"562bb5bc5ff10b695837e55cf73e2826","name":"banner_pic5.jpg","path":"D:\\DevEcoStudio\\04_Complete\\entry\\build\\default\\intermediates\\res\\default\\resources\\base\\media\\banner_pic5.jpg","type":"file","isSymbolicLink":false,"fileMetaData":{"size":350331,"lastModifiedTime":1749041322869}},{"hashValue":"063d672bd09e455be0be0d293edf22a7","name":"enablement_pic1.jpg","path":"D:\\DevEcoStudio\\04_Complete\\entry\\build\\default\\intermediates\\res\\default\\resources\\base\\media\\enablement_pic1.jpg","type":"file","isSymbolicLink":false,"fileMetaData":{"size":37447,"lastModifiedTime":1749565750819}},{"hashValue":"2e1650ec3d9f4cfe7515ccd471514784","name":"enablement_pic2.jpg","path":"D:\\DevEcoStudio\\04_Complete\\entry\\build\\default\\intermediates\\res\\default\\resources\\base\\media\\enablement_pic2.jpg","type":"file","isSymbolicLink":false,"fileMetaData":{"size":34955,"lastModifiedTime":1749565307868}},{"hashValue":"bb23fa91bfbfdf957ff812d24e7e0c08","name":"enablement_pic3.jpg","path":"D:\\DevEcoStudio\\04_Complete\\entry\\build\\default\\intermediates\\res\\default\\resources\\base\\media\\enablement_pic3.jpg","type":"file","isSymbolicLink":false,"fileMetaData":{"size":41067,"lastModifiedTime":1749565996079}},{"hashValue":"5939df9a50ed455c22a3176c38764766","name":"enablement_pic4.jpg","path":"D:\\DevEcoStudio\\04_Complete\\entry\\build\\default\\intermediates\\res\\default\\resources\\base\\media\\enablement_pic4.jpg","type":"file","isSymbolicLink":false,"fileMetaData":{"size":29236,"lastModifiedTime":1749621319061}},{"hashValue":"980d74ddab2b8b841c38c96d7228b5e0","name":"enablement_pic5.jpg","path":"D:\\DevEcoStudio\\04_Complete\\entry\\build\\default\\intermediates\\res\\default\\resources\\base\\media\\enablement_pic5.jpg","type":"file","isSymbolicLink":false,"fileMetaData":{"size":17421,"lastModifiedTime":1749621617434}},{"hashValue":"01385cdfc06e00b785f66aa92f082121","name":"enablement_pic6.jpg","path":"D:\\DevEcoStudio\\04_Complete\\entry\\build\\default\\intermediates\\res\\default\\resources\\base\\media\\enablement_pic6.jpg","type":"file","isSymbolicLink":false,"fileMetaData":{"size":524692,"lastModifiedTime":1749621766784}},{"hashValue":"21a38e72dd1d7aa64c860e7dc1cd5212","name":"enablement_pic7.jpg","path":"D:\\DevEcoStudio\\04_Complete\\entry\\build\\default\\intermediates\\res\\default\\resources\\base\\media\\enablement_pic7.jpg","type":"file","isSymbolicLink":false,"fileMetaData":{"size":147653,"lastModifiedTime":1749621993764}},{"hashValue":"ba56b68969327af69685f041547cf5ef","name":"enablement_pic8.jpg","path":"D:\\DevEcoStudio\\04_Complete\\entry\\build\\default\\intermediates\\res\\default\\resources\\base\\media\\enablement_pic8.jpg","type":"file","isSymbolicLink":false,"fileMetaData":{"size":756959,"lastModifiedTime":1749622126340}},{"hashValue":"23b0235ab7659499f8bbde7c7718d955","name":"foreground.png","path":"D:\\DevEcoStudio\\04_Complete\\entry\\build\\default\\intermediates\\res\\default\\resources\\base\\media\\foreground.png","type":"file","isSymbolicLink":false,"fileMetaData":{"size":19256,"lastModifiedTime":1721906729982}},{"hashValue":"9eebc3700f67006359e476af386f0b1d","name":"ic_01_off.svg","path":"D:\\DevEcoStudio\\04_Complete\\entry\\build\\default\\intermediates\\res\\default\\resources\\base\\media\\ic_01_off.svg","type":"file","isSymbolicLink":false,"fileMetaData":{"size":1387,"lastModifiedTime":1721906729983}},{"hashValue":"c27a3666b6bb8f97c1023c493bda523f","name":"ic_01_on.svg","path":"D:\\DevEcoStudio\\04_Complete\\entry\\build\\default\\intermediates\\res\\default\\resources\\base\\media\\ic_01_on.svg","type":"file","isSymbolicLink":false,"fileMetaData":{"size":1315,"lastModifiedTime":1721906729983}},{"hashValue":"aa8bd10376f80e4792cdb73bebb01397","name":"ic_02_off.svg","path":"D:\\DevEcoStudio\\04_Complete\\entry\\build\\default\\intermediates\\res\\default\\resources\\base\\media\\ic_02_off.svg","type":"file","isSymbolicLink":false,"fileMetaData":{"size":3686,"lastModifiedTime":1721906729983}},{"hashValue":"d2f2a443303fdca5557267861ad2171c","name":"ic_02_on.svg","path":"D:\\DevEcoStudio\\04_Complete\\entry\\build\\default\\intermediates\\res\\default\\resources\\base\\media\\ic_02_on.svg","type":"file","isSymbolicLink":false,"fileMetaData":{"size":3665,"lastModifiedTime":1721906729983}},{"hashValue":"1af848b3e0c61c5b15997444fc15e7b4","name":"ic_03_off.svg","path":"D:\\DevEcoStudio\\04_Complete\\entry\\build\\default\\intermediates\\res\\default\\resources\\base\\media\\ic_03_off.svg","type":"file","isSymbolicLink":false,"fileMetaData":{"size":4859,"lastModifiedTime":1721906729983}},{"hashValue":"20f0e00e39832e0e607b7a114c6ab79b","name":"ic_03_on.svg","path":"D:\\DevEcoStudio\\04_Complete\\entry\\build\\default\\intermediates\\res\\default\\resources\\base\\media\\ic_03_on.svg","type":"file","isSymbolicLink":false,"fileMetaData":{"size":4876,"lastModifiedTime":1721906729983}},{"hashValue":"62e392089827590bef193d2159ba6da7","name":"ic_AI_read_normal.svg","path":"D:\\DevEcoStudio\\04_Complete\\entry\\build\\default\\intermediates\\res\\default\\resources\\base\\media\\ic_AI_read_normal.svg","type":"file","isSymbolicLink":false,"fileMetaData":{"size":3484,"lastModifiedTime":1721906729974}},{"hashValue":"fb2aae4b41be4074bbc2b224fcd18ced","name":"ic_AI_read_on.svg","path":"D:\\DevEcoStudio\\04_Complete\\entry\\build\\default\\intermediates\\res\\default\\resources\\base\\media\\ic_AI_read_on.svg","type":"file","isSymbolicLink":false,"fileMetaData":{"size":3448,"lastModifiedTime":1721906729974}},{"hashValue":"8a0ddec3f449b1cfe00eb32703a01f6e","name":"ic_arrow.jpg","path":"D:\\DevEcoStudio\\04_Complete\\entry\\build\\default\\intermediates\\res\\default\\resources\\base\\media\\ic_arrow.jpg","type":"file","isSymbolicLink":false,"fileMetaData":{"size":350331,"lastModifiedTime":1749041322869}},{"hashValue":"348ff4cb2c49c6241b0a92cb6894b974","name":"ic_back.svg","path":"D:\\DevEcoStudio\\04_Complete\\entry\\build\\default\\intermediates\\res\\default\\resources\\base\\media\\ic_back.svg","type":"file","isSymbolicLink":false,"fileMetaData":{"size":1693,"lastModifiedTime":1721906729974}},{"hashValue":"36d9bd94f47582ed8ac0718cc5861960","name":"ic_edit.jpg","path":"D:\\DevEcoStudio\\04_Complete\\entry\\build\\default\\intermediates\\res\\default\\resources\\base\\media\\ic_edit.jpg","type":"file","isSymbolicLink":false,"fileMetaData":{"size":350331,"lastModifiedTime":1749041322869}},{"hashValue":"bac1c9889525ba8b472764d017007a53","name":"ic_favorites.jpg","path":"D:\\DevEcoStudio\\04_Complete\\entry\\build\\default\\intermediates\\res\\default\\resources\\base\\media\\ic_favorites.jpg","type":"file","isSymbolicLink":false,"fileMetaData":{"size":350331,"lastModifiedTime":1749041322869}},{"hashValue":"078a3c979bdb577c7ff3d69ffbdfe627","name":"ic_footprint.jpg","path":"D:\\DevEcoStudio\\04_Complete\\entry\\build\\default\\intermediates\\res\\default\\resources\\base\\media\\ic_footprint.jpg","type":"file","isSymbolicLink":false,"fileMetaData":{"size":350331,"lastModifiedTime":1749041322869}},{"hashValue":"fd1e406bcf4909e8a4f9ffab46859091","name":"ic_notification.jpg","path":"D:\\DevEcoStudio\\04_Complete\\entry\\build\\default\\intermediates\\res\\default\\resources\\base\\media\\ic_notification.jpg","type":"file","isSymbolicLink":false,"fileMetaData":{"size":350331,"lastModifiedTime":1749041322869}},{"hashValue":"6063f714dac9fea79ee5a1baee3e91d2","name":"ic_orders.jpg","path":"D:\\DevEcoStudio\\04_Complete\\entry\\build\\default\\intermediates\\res\\default\\resources\\base\\media\\ic_orders.jpg","type":"file","isSymbolicLink":false,"fileMetaData":{"size":350331,"lastModifiedTime":1749041322869}},{"hashValue":"b54d5824141f0b15ef2b4725869565b6","name":"ic_profile.jpg","path":"D:\\DevEcoStudio\\04_Complete\\entry\\build\\default\\intermediates\\res\\default\\resources\\base\\media\\ic_profile.jpg","type":"file","isSymbolicLink":false,"fileMetaData":{"size":350331,"lastModifiedTime":1749041322869}},{"hashValue":"341a46a9d1ac8e311ff309b9ab0ed2d3","name":"ic_settings.jpg","path":"D:\\DevEcoStudio\\04_Complete\\entry\\build\\default\\intermediates\\res\\default\\resources\\base\\media\\ic_settings.jpg","type":"file","isSymbolicLink":false,"fileMetaData":{"size":350331,"lastModifiedTime":1749041322869}},{"hashValue":"ac6830cfa3b04709688a9cb951e01eab","name":"ic_start_icon.png","path":"D:\\DevEcoStudio\\04_Complete\\entry\\build\\default\\intermediates\\res\\default\\resources\\base\\media\\ic_start_icon.png","type":"file","isSymbolicLink":false,"fileMetaData":{"size":84851,"lastModifiedTime":1721906729984}},{"hashValue":"5872bc107fd47cfbe763560824ab885e","name":"layered_image.json","path":"D:\\DevEcoStudio\\04_Complete\\entry\\build\\default\\intermediates\\res\\default\\resources\\base\\media\\layered_image.json","type":"file","isSymbolicLink":false,"fileMetaData":{"size":95,"lastModifiedTime":1749918372031}},{"hashValue":"85fc8826bba9394651adaed50ea238cf","name":"tutorial_pic1.png","path":"D:\\DevEcoStudio\\04_Complete\\entry\\build\\default\\intermediates\\res\\default\\resources\\base\\media\\tutorial_pic1.png","type":"file","isSymbolicLink":false,"fileMetaData":{"size":13182,"lastModifiedTime":1721906729975}},{"hashValue":"fa423eab9b01ed809597fba7068d307d","name":"tutorial_pic10.png","path":"D:\\DevEcoStudio\\04_Complete\\entry\\build\\default\\intermediates\\res\\default\\resources\\base\\media\\tutorial_pic10.png","type":"file","isSymbolicLink":false,"fileMetaData":{"size":6996,"lastModifiedTime":1721906729975}},{"hashValue":"a8aebb7ade639695923c8c0ddb227662","name":"tutorial_pic11.png","path":"D:\\DevEcoStudio\\04_Complete\\entry\\build\\default\\intermediates\\res\\default\\resources\\base\\media\\tutorial_pic11.png","type":"file","isSymbolicLink":false,"fileMetaData":{"size":4889,"lastModifiedTime":1721906729975}},{"hashValue":"eef3a8e67c9ba0c717d567e4b958a2d2","name":"tutorial_pic12.png","path":"D:\\DevEcoStudio\\04_Complete\\entry\\build\\default\\intermediates\\res\\default\\resources\\base\\media\\tutorial_pic12.png","type":"file","isSymbolicLink":false,"fileMetaData":{"size":5446,"lastModifiedTime":1721906729975}},{"hashValue":"79ee7b8ff1b3111578955d960a7f9378","name":"tutorial_pic2.png","path":"D:\\DevEcoStudio\\04_Complete\\entry\\build\\default\\intermediates\\res\\default\\resources\\base\\media\\tutorial_pic2.png","type":"file","isSymbolicLink":false,"fileMetaData":{"size":5847,"lastModifiedTime":1721906729976}},{"hashValue":"4ca79a1082d2bdd44ddb6ba04f68d1bf","name":"tutorial_pic3.png","path":"D:\\DevEcoStudio\\04_Complete\\entry\\build\\default\\intermediates\\res\\default\\resources\\base\\media\\tutorial_pic3.png","type":"file","isSymbolicLink":false,"fileMetaData":{"size":6113,"lastModifiedTime":1721906729976}},{"hashValue":"d5e66ad9a0125a3a59e39f54a5d82ee3","name":"tutorial_pic4.png","path":"D:\\DevEcoStudio\\04_Complete\\entry\\build\\default\\intermediates\\res\\default\\resources\\base\\media\\tutorial_pic4.png","type":"file","isSymbolicLink":false,"fileMetaData":{"size":6815,"lastModifiedTime":1721906729976}},{"hashValue":"620db4778b0ff9a9cdc08993fe0e67db","name":"tutorial_pic5.png","path":"D:\\DevEcoStudio\\04_Complete\\entry\\build\\default\\intermediates\\res\\default\\resources\\base\\media\\tutorial_pic5.png","type":"file","isSymbolicLink":false,"fileMetaData":{"size":5247,"lastModifiedTime":1721906729976}},{"hashValue":"a5e841618b3de4323756ed566e597a91","name":"tutorial_pic6.png","path":"D:\\DevEcoStudio\\04_Complete\\entry\\build\\default\\intermediates\\res\\default\\resources\\base\\media\\tutorial_pic6.png","type":"file","isSymbolicLink":false,"fileMetaData":{"size":5647,"lastModifiedTime":1721906729977}},{"hashValue":"000de2b4e77f9ba765b25503c9000645","name":"tutorial_pic7.png","path":"D:\\DevEcoStudio\\04_Complete\\entry\\build\\default\\intermediates\\res\\default\\resources\\base\\media\\tutorial_pic7.png","type":"file","isSymbolicLink":false,"fileMetaData":{"size":5099,"lastModifiedTime":1721906729977}},{"hashValue":"8d2653144d1df0275cf812f3b6978378","name":"tutorial_pic8.png","path":"D:\\DevEcoStudio\\04_Complete\\entry\\build\\default\\intermediates\\res\\default\\resources\\base\\media\\tutorial_pic8.png","type":"file","isSymbolicLink":false,"fileMetaData":{"size":5779,"lastModifiedTime":1721906729977}},{"hashValue":"1ae6e6c2b57496f282af24e9c5842b7a","name":"tutorial_pic9.png","path":"D:\\DevEcoStudio\\04_Complete\\entry\\build\\default\\intermediates\\res\\default\\resources\\base\\media\\tutorial_pic9.png","type":"file","isSymbolicLink":false,"fileMetaData":{"size":5653,"lastModifiedTime":1721906729978}}]},{"hashValue":"14a757804c791131bdd8ed57f05701de","name":"profile","path":"D:\\DevEcoStudio\\04_Complete\\entry\\build\\default\\intermediates\\res\\default\\resources\\base\\profile","type":"directory","isSymbolicLink":false,"children":[{"hashValue":"b2c56d4f618ff6a89700a6d8752062dd","name":"backup_config.json","path":"D:\\DevEcoStudio\\04_Complete\\entry\\build\\default\\intermediates\\res\\default\\resources\\base\\profile\\backup_config.json","type":"file","isSymbolicLink":false,"fileMetaData":{"size":36,"lastModifiedTime":1721906729701}},{"hashValue":"3e6af5664363b9665f0ba7bcc7d1c3a2","name":"main_pages.json","path":"D:\\DevEcoStudio\\04_Complete\\entry\\build\\default\\intermediates\\res\\default\\resources\\base\\profile\\main_pages.json","type":"file","isSymbolicLink":false,"fileMetaData":{"size":42,"lastModifiedTime":1721906729702}}]}]}]},"D:\\DevEcoStudio\\04_Complete\\entry\\build\\default\\intermediates\\res\\default\\resources.index":{"hashValue":"2ceea13fd4bb6efe2024ce5c650b8dfb","name":"resources.index","path":"D:\\DevEcoStudio\\04_Complete\\entry\\build\\default\\intermediates\\res\\default\\resources.index","type":"file","isSymbolicLink":false,"fileMetaData":{"size":4943,"lastModifiedTime":1749918372053}},"D:\\DevEcoStudio\\04_Complete\\entry\\build\\default\\intermediates\\loader_out\\default\\ets\\sourceMaps.map":{"hashValue":"a9bd6135a6eaffbaec699c55e38ee02f","name":"sourceMaps.map","path":"D:\\DevEcoStudio\\04_Complete\\entry\\build\\default\\intermediates\\loader_out\\default\\ets\\sourceMaps.map","type":"file","isSymbolicLink":false,"fileMetaData":{"size":29883,"lastModifiedTime":1749963473440}},"D:\\DevEcoStudio\\04_Complete\\entry\\build\\default\\outputs\\default\\entry-default-unsigned.hap":{"hashValue":"2181c72c1582d033f0a29620f224608e","name":"entry-default-unsigned.hap","path":"D:\\DevEcoStudio\\04_Complete\\entry\\build\\default\\outputs\\default\\entry-default-unsigned.hap","type":"file","isSymbolicLink":false,"fileMetaData":{"size":7030676,"lastModifiedTime":1749963475429}},"D:\\DevEcoStudio\\04_Complete\\entry\\build\\default\\intermediates\\source_map\\default\\sourceMaps.map":{"hashValue":"a9bd6135a6eaffbaec699c55e38ee02f","name":"sourceMaps.map","path":"D:\\DevEcoStudio\\04_Complete\\entry\\build\\default\\intermediates\\source_map\\default\\sourceMaps.map","type":"file","isSymbolicLink":false,"fileMetaData":{"size":29883,"lastModifiedTime":1749963473440}},"D:\\DevEcoStudio\\04_Complete\\entry\\build\\default\\outputs\\default\\mapping\\sourceMaps.map":{"hashValue":"a9bd6135a6eaffbaec699c55e38ee02f","name":"sourceMaps.map","path":"D:\\DevEcoStudio\\04_Complete\\entry\\build\\default\\outputs\\default\\mapping\\sourceMaps.map","type":"file","isSymbolicLink":false,"fileMetaData":{"size":29883,"lastModifiedTime":1749963473440}},"D:\\DevEcoStudio\\04_Complete\\entry\\build\\default\\intermediates\\loader\\default\\pkgContextInfo.json":{"hashValue":"","name":"emptyroot","path":"","type":"unknown","isSymbolicLink":false,"children":[]},"D:\\DevEcoStudio\\04_Complete\\build\\cache\\default\\integrated_hsp\\integratedHspCache.json":{"hashValue":"","name":"emptyroot","path":"","type":"unknown","isSymbolicLink":false,"children":[]},"D:\\DevEcoStudio\\04_Complete\\entry\\build\\default\\intermediates\\syscap\\default\\rpcid.sc":{"hashValue":"","name":"emptyroot","path":"","type":"unknown","isSymbolicLink":false,"children":[]},"D:\\DevEcoStudio\\04_Complete\\entry\\build\\default\\intermediates\\loader_out\\default\\js":{"hashValue":"","name":"emptyroot","path":"","type":"unknown","isSymbolicLink":false,"children":[]},"D:\\DevEcoStudio\\04_Complete\\entry\\build\\default\\outputs\\default\\entry-default-signed.hap":{"hashValue":"","name":"emptyroot","path":"","type":"unknown","isSymbolicLink":false,"children":[]},"D:\\DevEcoStudio\\04_Complete\\entry\\build\\default\\outputs\\default\\symbol":{"hashValue":"","name":"emptyroot","path":"","type":"unknown","isSymbolicLink":false,"children":[]}}