{":04_Complete:entry:default@PreBuild":{"_inputs":[{"dataType":"ValueEntry","value":"{\"_name\":\"BUILTIN_TASK_COMMAND\",\"_value\":\"\",\"_valueType\":\"string\",\"_hash\":\"0b5d05294fdf4e78e8482ef53eb64ac0\"}"},{"dataType":"ValueEntry","value":"{\"_name\":\"BUILTIN_TASK_ENV\",\"_value\":\"\",\"_valueType\":\"string\",\"_hash\":\"cdcdc2ec8062ca9ec1de46dbf2bbc053\"}"},{"dataType":"ValueEntry","value":"{\"_name\":\"BUILTIN_TASK_TOOLCHAIN\",\"_value\":\"\",\"_valueType\":\"string\",\"_hash\":\"e7f94a9422a8bc317a7d90b58efcb5f6\"}"},{"dataType":"ValueEntry","value":"{\"_name\":\"apiType\",\"_value\":\"stageMode\",\"_valueType\":\"string\",\"_hash\":\"699c7565645ea3ea8c88551a4926a3d5\"}"},{"dataType":"ValueEntry","value":"{\"_name\":\"byteCodeHar\",\"_value\":false,\"_valueType\":\"boolean\",\"_hash\":\"1918a3ccb645ccacd0aedd84fc6cf8a4\"}"},{"dataType":"ValueEntry","value":"{\"_name\":\"codeType\",\"_value\":true,\"_valueType\":\"boolean\",\"_hash\":\"d6dcf21a9f078b661283507536e57ce8\"}"},{"dataType":"ValueEntry","value":"{\"_name\":\"compatibleApiVersion\",\"_value\":12,\"_valueType\":\"number\",\"_hash\":\"b8c1ba3ecddcd8b1be17325fb873c8bc\"}"},{"dataType":"ValueEntry","value":"{\"_name\":\"compileApiVersion\",\"_value\":14,\"_valueType\":\"number\",\"_hash\":\"9818aaec7bfe7504d81668c694051752\"}"},{"dataType":"ValueEntry","value":"{\"_name\":\"configuration\",\"_value\":\"\",\"_valueType\":\"string\",\"_hash\":\"d12f0038691f8f34d654391bbcee2f8e\"}"},{"dataType":"ValueEntry","value":"{\"_name\":\"configurationFileJson\",\"_value\":\"\",\"_valueType\":\"string\",\"_hash\":\"2b55287f40f7e8896b21bab4028e156b\"}"},{"dataType":"ValueEntry","value":"{\"_name\":\"customTypes\",\"_value\":\"\",\"_valueType\":\"string\",\"_hash\":\"970a2695bffac1c5a4fa283dc36050e3\"}"},{"dataType":"ValueEntry","value":"{\"_name\":\"deviceType\",\"_value\":[\"phone\",\"tablet\",\"2in1\"],\"_valueType\":\"object\",\"_hash\":\"82734343919a9219c848a93ce88dfb4d\"}"},{"dataType":"ValueEntry","value":"{\"_name\":\"integrated_hsp\",\"_value\":false,\"_valueType\":\"boolean\",\"_hash\":\"2538281751f182d9123d2ab28efaf9be\"}"},{"dataType":"ValueEntry","value":"{\"_name\":\"isSupportOhpmProj\",\"_value\":true,\"_valueType\":\"boolean\",\"_hash\":\"f3a249d7e3f751316e931b8a08b074b4\"}"},{"dataType":"ValueEntry","value":"{\"_name\":\"moduleJsonOpt\",\"_value\":\"{\\\"jsonFilePath\\\":\\\"D:\\\\\\\\DevEcoStudio\\\\\\\\04_Complete\\\\\\\\entry\\\\\\\\src\\\\\\\\main\\\\\\\\module.json5\\\",\\\"profile\\\":{\\\"module\\\":{\\\"name\\\":\\\"entry\\\",\\\"type\\\":\\\"entry\\\",\\\"description\\\":\\\"$string:module_desc\\\",\\\"mainElement\\\":\\\"EntryAbility\\\",\\\"deviceTypes\\\":[\\\"phone\\\",\\\"tablet\\\",\\\"2in1\\\"],\\\"deliveryWithInstall\\\":true,\\\"installationFree\\\":false,\\\"pages\\\":\\\"$profile:main_pages\\\",\\\"abilities\\\":[{\\\"name\\\":\\\"EntryAbility\\\",\\\"srcEntry\\\":\\\"./ets/entryability/EntryAbility.ets\\\",\\\"description\\\":\\\"$string:EntryAbility_desc\\\",\\\"icon\\\":\\\"$media:layered_image\\\",\\\"label\\\":\\\"$string:EntryAbility_label\\\",\\\"startWindowIcon\\\":\\\"$media:ic_start_icon\\\",\\\"startWindowBackground\\\":\\\"$color:start_window_background\\\",\\\"exported\\\":true,\\\"skills\\\":[{\\\"entities\\\":[\\\"entity.system.home\\\"],\\\"actions\\\":[\\\"action.system.home\\\"]}]}],\\\"extensionAbilities\\\":[{\\\"name\\\":\\\"EntryBackupAbility\\\",\\\"srcEntry\\\":\\\"./ets/entrybackupability/EntryBackupAbility.ets\\\",\\\"type\\\":\\\"backup\\\",\\\"exported\\\":false,\\\"metadata\\\":[{\\\"name\\\":\\\"ohos.extension.backup\\\",\\\"resource\\\":\\\"$profile:backup_config\\\"}]}]}},\\\"deviceTypes\\\":[\\\"phone\\\",\\\"tablet\\\",\\\"2in1\\\"],\\\"deviceConfig\\\":\\\"deviceTypes\\\",\\\"configurationProfile\\\":\\\"module.json5\\\"}\",\"_valueType\":\"string\",\"_hash\":\"abca7802176f3d12cf0efed0e43ab296\"}"},{"dataType":"ValueEntry","value":"{\"_name\":\"profileModuleName\",\"_value\":\"entry\",\"_valueType\":\"string\",\"_hash\":\"b174ea6ff5824844dde5ad92f6b3ef2b\"}"},{"dataType":"ValueEntry","value":"{\"_name\":\"sdkToolchainsComponentVersion\",\"_value\":\"5.0.2.126\",\"_valueType\":\"string\",\"_hash\":\"4ef15ded1338336e6f13f094fc2dd40f\"}"},{"dataType":"ValueEntry","value":"{\"_name\":\"sourceRoots\",\"_value\":true,\"_valueType\":\"boolean\",\"_hash\":\"a369c115d2c4122f3819759804ec9d35\"}"},{"dataType":"ValueEntry","value":"{\"_name\":\"targetStatusCode\",\"_value\":2,\"_valueType\":\"number\",\"_hash\":\"5a9255c0f4ee50904a9349ebafca8369\"}"},{"dataType":"ValueEntry","value":"{\"_name\":\"transformLib\",\"_value\":\"\",\"_valueType\":\"string\",\"_hash\":\"7d270d0ce7ae5c6e2e32760cb396ea5a\"}"},{"dataType":"ValueEntry","value":"{\"_name\":\"useNormalizedOHMUrl\",\"_value\":false,\"_valueType\":\"boolean\",\"_hash\":\"45c309ddef659bd1ca26b5b8988a1a78\"}"}],"_successful":true,"_projectName":"04_Complete","_moduleName":"entry","_taskName":"default@PreBuild","_key":":04_Complete:entry:default@PreBuild","_executionId":":04_Complete:entry:default@PreBuild:1742635497011","_inputFiles":{"dataType":"Map","value":[["D:\\DevEcoStudio\\04_Complete\\AppScope\\app.json5",{"isDirectory":false,"fileSnapShotHashValue":"8099bdc03b62d5fe0355883c152a4081"}],["D:\\DevEcoStudio\\04_Complete\\entry\\src\\main\\module.json5",{"isDirectory":false,"fileSnapShotHashValue":"b966433fd13c7b03cb073d68c4392c7c"}],["D:\\DevEcoStudio\\04_Complete\\build-profile.json5",{"fileSnapShotHashValue":"c00be1c39de65bf639f5c95414071df6"}],["D:\\DevEcoStudio\\04_Complete\\entry\\build-profile.json5",{"fileSnapShotHashValue":"fb3a6ae9a7b049bafee088788a8cd019"}],["D:\\DevEcoStudio\\04_Complete\\entry\\src\\main\\resources\\base\\profile\\main_pages.json",{"fileSnapShotHashValue":"3e6af5664363b9665f0ba7bcc7d1c3a2"}],["D:\\DevEcoStudio\\04_Complete\\hvigor\\hvigor-config.json5",{"isDirectory":true,"fileSnapShotHashValue":"793df96a5e3d6e02f5fc0aad26d98aa6"}],["D:\\DevEcoStudio\\04_Complete\\entry\\oh-package.json5",{"fileSnapShotHashValue":"f3238c56eadcab5f42695fe1dd8386d6"}],["D:\\DevEcoStudio\\04_Complete\\oh-package.json5",{"fileSnapShotHashValue":"92155b82286e60abca6ba8bd4f141504"}]]},"_outputFiles":{"dataType":"Map","value":[]}},":04_Complete:entry:default@MergeProfile":{"_inputs":[{"dataType":"ValueEntry","value":"{\"_name\":\"BUILTIN_TASK_COMMAND\",\"_value\":\"\",\"_valueType\":\"string\",\"_hash\":\"0b5d05294fdf4e78e8482ef53eb64ac0\"}"},{"dataType":"ValueEntry","value":"{\"_name\":\"BUILTIN_TASK_ENV\",\"_value\":\"\",\"_valueType\":\"string\",\"_hash\":\"cdcdc2ec8062ca9ec1de46dbf2bbc053\"}"},{"dataType":"ValueEntry","value":"{\"_name\":\"BUILTIN_TASK_TOOLCHAIN\",\"_value\":\"\",\"_valueType\":\"string\",\"_hash\":\"e7f94a9422a8bc317a7d90b58efcb5f6\"}"},{"dataType":"ValueEntry","value":"{\"_name\":\"appJsonOpt\",\"_value\":\"{\\\"app\\\":{\\\"bundleName\\\":\\\"com.huawei.quickstart\\\",\\\"vendor\\\":\\\"example\\\",\\\"versionCode\\\":1000000,\\\"versionName\\\":\\\"1.0.0\\\",\\\"icon\\\":\\\"$media:app_icon\\\",\\\"label\\\":\\\"$string:app_name\\\"}}\",\"_valueType\":\"string\",\"_hash\":\"383bce816fece92e740f061929097f85\"}"},{"dataType":"ValueEntry","value":"{\"_name\":\"asanEnable\",\"_value\":false,\"_valueType\":\"boolean\",\"_hash\":\"bc2129ba20a21b7e5234139ede1b4d7b\"}"},{"dataType":"ValueEntry","value":"{\"_name\":\"buildProfileAbilities\",\"_valueType\":\"undefined\",\"_hash\":\"40d5093f345351dd6d67ce5d6a209345\"}"},{"dataType":"ValueEntry","value":"{\"_name\":\"buildRoot\",\"_value\":\"build\",\"_valueType\":\"string\",\"_hash\":\"4c2dd7bb7507f74001ec27f2936db7f9\"}"},{"dataType":"ValueEntry","value":"{\"_name\":\"compatibleSdkVersion\",\"_value\":12,\"_valueType\":\"number\",\"_hash\":\"3c48b1937556f5c7e1ff0b2e0af0184f\"}"},{"dataType":"ValueEntry","value":"{\"_name\":\"hwasanEnable\",\"_value\":false,\"_valueType\":\"boolean\",\"_hash\":\"d35c8440e915c3a94c482ddd6f7af075\"}"},{"dataType":"ValueEntry","value":"{\"_name\":\"integratedHsp\",\"_value\":false,\"_valueType\":\"boolean\",\"_hash\":\"e67900c25b1f9fb70cc779de77dc6912\"}"},{"dataType":"ValueEntry","value":"{\"_name\":\"isBundledDependencies\",\"_value\":false,\"_valueType\":\"boolean\",\"_hash\":\"a69aa552317c7a6e087cb84a5722e050\"}"},{"dataType":"ValueEntry","value":"{\"_name\":\"isDebug\",\"_value\":true,\"_valueType\":\"boolean\",\"_hash\":\"edbf05a2d2be2c385e75d9565a48d419\"}"},{"dataType":"ValueEntry","value":"{\"_name\":\"isHarModule\",\"_value\":false,\"_valueType\":\"boolean\",\"_hash\":\"a15b7a3ed818faa99a4a10d67f52cb72\"}"},{"dataType":"ValueEntry","value":"{\"_name\":\"moduleJsonOpt\",\"_value\":\"{\\\"module\\\":{\\\"name\\\":\\\"entry\\\",\\\"type\\\":\\\"entry\\\",\\\"description\\\":\\\"$string:module_desc\\\",\\\"mainElement\\\":\\\"EntryAbility\\\",\\\"deviceTypes\\\":[\\\"phone\\\",\\\"tablet\\\",\\\"2in1\\\"],\\\"deliveryWithInstall\\\":true,\\\"installationFree\\\":false,\\\"pages\\\":\\\"$profile:main_pages\\\",\\\"abilities\\\":[{\\\"name\\\":\\\"EntryAbility\\\",\\\"srcEntry\\\":\\\"./ets/entryability/EntryAbility.ets\\\",\\\"description\\\":\\\"$string:EntryAbility_desc\\\",\\\"icon\\\":\\\"$media:layered_image\\\",\\\"label\\\":\\\"$string:EntryAbility_label\\\",\\\"startWindowIcon\\\":\\\"$media:ic_start_icon\\\",\\\"startWindowBackground\\\":\\\"$color:start_window_background\\\",\\\"exported\\\":true,\\\"skills\\\":[{\\\"entities\\\":[\\\"entity.system.home\\\"],\\\"actions\\\":[\\\"action.system.home\\\"]}]}],\\\"extensionAbilities\\\":[{\\\"name\\\":\\\"EntryBackupAbility\\\",\\\"srcEntry\\\":\\\"./ets/entrybackupability/EntryBackupAbility.ets\\\",\\\"type\\\":\\\"backup\\\",\\\"exported\\\":false,\\\"metadata\\\":[{\\\"name\\\":\\\"ohos.extension.backup\\\",\\\"resource\\\":\\\"$profile:backup_config\\\"}]}]}}\",\"_valueType\":\"string\",\"_hash\":\"39834d01c0526cf11d7d7423d869a4c2\"}"},{"dataType":"ValueEntry","value":"{\"_name\":\"multiProjects\",\"_value\":false,\"_valueType\":\"boolean\",\"_hash\":\"555604752defc243b4e4c55d1549fc06\"}"},{"dataType":"ValueEntry","value":"{\"_name\":\"projectConfigAppOpt\",\"_valueType\":\"undefined\",\"_hash\":\"b52997704fa206ed96a13a1f2e464a85\"}"},{"dataType":"ValueEntry","value":"{\"_name\":\"releaseType\",\"_value\":\"Release\",\"_valueType\":\"string\",\"_hash\":\"bbcabdda034e97584f8c36f85b3ec517\"}"},{"dataType":"ValueEntry","value":"{\"_name\":\"targetSdkVersion\",\"_value\":14,\"_valueType\":\"number\",\"_hash\":\"a0871669f157ed4efdda103625c1fcf4\"}"},{"dataType":"ValueEntry","value":"{\"_name\":\"tsanEnable\",\"_value\":false,\"_valueType\":\"boolean\",\"_hash\":\"086cac69f102cdd9ee25e54982ad7b76\"}"},{"dataType":"ValueEntry","value":"{\"_name\":\"ubsanEnable\",\"_value\":false,\"_valueType\":\"boolean\",\"_hash\":\"3b15da42c5f4b695fbd1d0b43191764a\"}"}],"_successful":true,"_projectName":"04_Complete","_moduleName":"entry","_taskName":"default@MergeProfile","_key":":04_Complete:entry:default@MergeProfile","_executionId":":04_Complete:entry:default@MergeProfile:1749896147840","_inputFiles":{"dataType":"Map","value":[["D:\\DevEcoStudio\\04_Complete\\AppScope\\app.json5",{"fileSnapShotHashValue":"8099bdc03b62d5fe0355883c152a4081"}],["D:\\DevEcoStudio\\04_Complete\\build-profile.json5",{"fileSnapShotHashValue":"c00be1c39de65bf639f5c95414071df6"}],["D:\\DevEcoStudio\\04_Complete\\entry\\src\\main\\module.json5",{"fileSnapShotHashValue":"b966433fd13c7b03cb073d68c4392c7c"}]]},"_outputFiles":{"dataType":"Map","value":[["D:\\DevEcoStudio\\04_Complete\\entry\\build\\default\\intermediates\\merge_profile\\default\\module.json",{"fileSnapShotHashValue":"94615ff1f937a285ff3720f0c3fc31c6"}]]}},":04_Complete:entry:default@CreateBuildProfile":{"_inputs":[{"dataType":"ValueEntry","value":"{\"_name\":\"BUILTIN_TASK_COMMAND\",\"_value\":\"\",\"_valueType\":\"string\",\"_hash\":\"0b5d05294fdf4e78e8482ef53eb64ac0\"}"},{"dataType":"ValueEntry","value":"{\"_name\":\"BUILTIN_TASK_ENV\",\"_value\":\"\",\"_valueType\":\"string\",\"_hash\":\"cdcdc2ec8062ca9ec1de46dbf2bbc053\"}"},{"dataType":"ValueEntry","value":"{\"_name\":\"BUILTIN_TASK_TOOLCHAIN\",\"_value\":\"\",\"_valueType\":\"string\",\"_hash\":\"e7f94a9422a8bc317a7d90b58efcb5f6\"}"},{"dataType":"ValueEntry","value":"{\"_name\":\"buildMode\",\"_value\":\"Debug\",\"_valueType\":\"string\",\"_hash\":\"8120d22ada0d6de22b101e1f4ea16e81\"}"},{"dataType":"ValueEntry","value":"{\"_name\":\"buildModeName\",\"_value\":\"debug\",\"_valueType\":\"string\",\"_hash\":\"3f0246ea410fd9efa9fc7196cca045e3\"}"},{"dataType":"ValueEntry","value":"{\"_name\":\"buildProfileFields\",\"_value\":\"\",\"_valueType\":\"string\",\"_hash\":\"21090e125326cef17357e44b789a1ab5\"}"},{"dataType":"ValueEntry","value":"{\"_name\":\"projectOhosConfigAppOpt\",\"_value\":\"\",\"_valueType\":\"string\",\"_hash\":\"7613f1b2cb16d78bb723d12882b0d923\"}"}],"_successful":true,"_projectName":"04_Complete","_moduleName":"entry","_taskName":"default@CreateBuildProfile","_key":":04_Complete:entry:default@CreateBuildProfile","_executionId":":04_Complete:entry:default@CreateBuildProfile:1749896147856","_inputFiles":{"dataType":"Map","value":[["D:\\DevEcoStudio\\04_Complete\\AppScope\\app.json5",{"fileSnapShotHashValue":"8099bdc03b62d5fe0355883c152a4081"}],["D:\\DevEcoStudio\\04_Complete\\build-profile.json5",{"fileSnapShotHashValue":"c00be1c39de65bf639f5c95414071df6"}]]},"_outputFiles":{"dataType":"Map","value":[["D:\\DevEcoStudio\\04_Complete\\entry\\build\\default\\generated\\profile\\default\\BuildProfile.ets",{"fileSnapShotHashValue":"413b4e39eb567a5c65e0bee27fc1b84a"}]]}},":04_Complete:entry:default@GeneratePkgContextInfo":{"_inputs":[{"dataType":"ValueEntry","value":"{\"_name\":\"pkgContextInfoMap-entry\",\"_value\":\"a8164913e569f3b3b2485e1811ddf44d\",\"_valueType\":\"string\"}"},{"dataType":"ValueEntry","value":"{\"_name\":\"useNormalizedOHMUrl\",\"_value\":false,\"_valueType\":\"boolean\"}"},{"dataType":"ValueEntry","value":"{\"_name\":\"BUILTIN_TASK_COMMAND\",\"_value\":\"\",\"_valueType\":\"string\"}"},{"dataType":"ValueEntry","value":"{\"_name\":\"BUILTIN_TASK_TOOLCHAIN\",\"_value\":\"\",\"_valueType\":\"string\"}"},{"dataType":"ValueEntry","value":"{\"_name\":\"BUILTIN_TASK_ENV\",\"_value\":\"\",\"_valueType\":\"string\"}"}],"_successful":false,"_projectName":"04_Complete","_moduleName":"entry","_taskName":"default@GeneratePkgContextInfo","_key":":04_Complete:entry:default@GeneratePkgContextInfo","_executionId":":04_Complete:entry:default@GeneratePkgContextInfo:1749963472207","_inputFiles":{"dataType":"Map","value":[]},"_outputFiles":{"dataType":"Map","value":[["D:\\DevEcoStudio\\04_Complete\\entry\\build\\default\\intermediates\\loader\\default\\pkgContextInfo.json",{"isDirectory":false,"fileSnapShotHashValue":""}]]}},":04_Complete:entry:default@ProcessProfile":{"_inputs":[{"dataType":"ValueEntry","value":"{\"_name\":\"BUILTIN_TASK_COMMAND\",\"_value\":\"\",\"_valueType\":\"string\",\"_hash\":\"0b5d05294fdf4e78e8482ef53eb64ac0\"}"},{"dataType":"ValueEntry","value":"{\"_name\":\"BUILTIN_TASK_ENV\",\"_value\":\"\",\"_valueType\":\"string\",\"_hash\":\"cdcdc2ec8062ca9ec1de46dbf2bbc053\"}"},{"dataType":"ValueEntry","value":"{\"_name\":\"BUILTIN_TASK_TOOLCHAIN\",\"_value\":\"\",\"_valueType\":\"string\",\"_hash\":\"e7f94a9422a8bc317a7d90b58efcb5f6\"}"},{"dataType":"ValueEntry","value":"{\"_name\":\"arkEnable\",\"_value\":true,\"_valueType\":\"boolean\",\"_hash\":\"750b4bda198545a67903dfb3f6a00a95\"}"},{"dataType":"ValueEntry","value":"{\"_name\":\"compatibleSdkVersionStage\",\"_value\":\"beta1\",\"_valueType\":\"string\",\"_hash\":\"e588408901fe47899eadeda64a5c41fb\"}"},{"dataType":"ValueEntry","value":"{\"_name\":\"compileMode\",\"_value\":\"esmodule\",\"_valueType\":\"string\",\"_hash\":\"dacafc8e0b77a950178a0b4d142dc32c\"}"},{"dataType":"ValueEntry","value":"{\"_name\":\"dependency\",\"_value\":\"[]\",\"_valueType\":\"string\",\"_hash\":\"ac54f3d4ced2d4c1d666d40e4f7c454a\"}"},{"dataType":"ValueEntry","value":"{\"_name\":\"deviceTypes\",\"_value\":[\"phone\",\"tablet\",\"2in1\"],\"_valueType\":\"object\",\"_hash\":\"955f8760c6b7289b81ed107c2c4df075\"}"}],"_successful":true,"_projectName":"04_Complete","_moduleName":"entry","_taskName":"default@ProcessProfile","_key":":04_Complete:entry:default@ProcessProfile","_executionId":":04_Complete:entry:default@ProcessProfile:1749896147961","_inputFiles":{"dataType":"Map","value":[["D:\\DevEcoStudio\\04_Complete\\entry\\build\\default\\intermediates\\merge_profile\\default\\module.json",{"fileSnapShotHashValue":"94615ff1f937a285ff3720f0c3fc31c6"}]]},"_outputFiles":{"dataType":"Map","value":[["D:\\DevEcoStudio\\04_Complete\\entry\\build\\default\\intermediates\\process_profile\\default\\module.json",{"fileSnapShotHashValue":"11cfa81e78fe9f83b4f6eb0d5ad87b23"}]]}},":04_Complete:entry:default@ProcessRouterMap":{"_inputs":[{"dataType":"ValueEntry","value":"{\"_name\":\"BUILTIN_TASK_COMMAND\",\"_value\":\"\",\"_valueType\":\"string\",\"_hash\":\"0b5d05294fdf4e78e8482ef53eb64ac0\"}"},{"dataType":"ValueEntry","value":"{\"_name\":\"BUILTIN_TASK_ENV\",\"_value\":\"\",\"_valueType\":\"string\",\"_hash\":\"cdcdc2ec8062ca9ec1de46dbf2bbc053\"}"},{"dataType":"ValueEntry","value":"{\"_name\":\"BUILTIN_TASK_TOOLCHAIN\",\"_value\":\"\",\"_valueType\":\"string\",\"_hash\":\"e7f94a9422a8bc317a7d90b58efcb5f6\"}"},{"dataType":"ValueEntry","value":"{\"_name\":\"byteCodeHar\",\"_value\":false,\"_valueType\":\"boolean\",\"_hash\":\"1918a3ccb645ccacd0aedd84fc6cf8a4\"}"},{"dataType":"ValueEntry","value":"{\"_name\":\"obfuscated\",\"_value\":true,\"_valueType\":\"boolean\",\"_hash\":\"a69c27b9cf01a6710d3662cfe180239f\"}"},{"dataType":"ValueEntry","value":"{\"_name\":\"useNormalizedOHMUrl\",\"_value\":false,\"_valueType\":\"boolean\",\"_hash\":\"45c309ddef659bd1ca26b5b8988a1a78\"}"}],"_successful":true,"_projectName":"04_Complete","_moduleName":"entry","_taskName":"default@ProcessRouterMap","_key":":04_Complete:entry:default@ProcessRouterMap","_executionId":":04_Complete:entry:default@ProcessRouterMap:1749896149207","_inputFiles":{"dataType":"Map","value":[["D:\\DevEcoStudio\\04_Complete\\entry\\oh-package.json5",{"fileSnapShotHashValue":"f3238c56eadcab5f42695fe1dd8386d6"}],["D:\\DevEcoStudio\\04_Complete\\oh-package.json5",{"fileSnapShotHashValue":"92155b82286e60abca6ba8bd4f141504"}],["D:\\DevEcoStudio\\04_Complete\\entry\\src\\main\\module.json5",{"fileSnapShotHashValue":"b966433fd13c7b03cb073d68c4392c7c"}]]},"_outputFiles":{"dataType":"Map","value":[["D:\\DevEcoStudio\\04_Complete\\entry\\build\\default\\intermediates\\router_map\\default\\temp-router-map.json",{"fileSnapShotHashValue":"ed381b817d4cd1f943cda5fa9358cd2f"}],["D:\\DevEcoStudio\\04_Complete\\entry\\build\\default\\intermediates\\router_map\\default\\loader-router-map.json",{"fileSnapShotHashValue":"5f9eabc3e0ce8be78a4171d2be0db48e"}]]}},":04_Complete:entry:default@GenerateLoaderJson":{"_inputs":[{"dataType":"ValueEntry","value":"{\"_name\":\"BUILTIN_TASK_COMMAND\",\"_value\":\"\",\"_valueType\":\"string\",\"_hash\":\"0b5d05294fdf4e78e8482ef53eb64ac0\"}"},{"dataType":"ValueEntry","value":"{\"_name\":\"BUILTIN_TASK_ENV\",\"_value\":\"\",\"_valueType\":\"string\",\"_hash\":\"cdcdc2ec8062ca9ec1de46dbf2bbc053\"}"},{"dataType":"ValueEntry","value":"{\"_name\":\"BUILTIN_TASK_TOOLCHAIN\",\"_value\":\"\",\"_valueType\":\"string\",\"_hash\":\"e7f94a9422a8bc317a7d90b58efcb5f6\"}"},{"dataType":"ValueEntry","value":"{\"_name\":\"anBuildMode\",\"_value\":\"type\",\"_valueType\":\"string\",\"_hash\":\"de241a1eec94a2a622ff1c89f32846a2\"}"},{"dataType":"ValueEntry","value":"{\"_name\":\"apPath\",\"_value\":\"D:\\\\DevEcoStudio\\\\04_Complete\\\\entry\\\\modules.ap\",\"_valueType\":\"string\",\"_hash\":\"13161a2ba0fe0fbeff599584e7961a19\"}"},{"dataType":"ValueEntry","value":"{\"_name\":\"compatibleApiVersion\",\"_value\":12,\"_valueType\":\"number\",\"_hash\":\"b8c1ba3ecddcd8b1be17325fb873c8bc\"}"},{"dataType":"ValueEntry","value":"{\"_name\":\"compileApiVersion\",\"_value\":14,\"_valueType\":\"number\",\"_hash\":\"9818aaec7bfe7504d81668c694051752\"}"},{"dataType":"ValueEntry","value":"{\"_name\":\"compileMode\",\"_value\":\"esmodule\",\"_valueType\":\"string\",\"_hash\":\"dacafc8e0b77a950178a0b4d142dc32c\"}"},{"dataType":"ValueEntry","value":"{\"_name\":\"fallbackAnBuild\",\"_value\":false,\"_valueType\":\"boolean\",\"_hash\":\"a63e98bb3f368ced6ed4d5579ea7ca39\"}"},{"dataType":"ValueEntry","value":"{\"_name\":\"harNameOhmMap\",\"_value\":\"{}\",\"_valueType\":\"string\",\"_hash\":\"0faf006bccbcdc2c7f04ff2d8c87894f\"}"},{"dataType":"ValueEntry","value":"{\"_name\":\"hspNameOhmMap\",\"_value\":\"{}\",\"_valueType\":\"string\",\"_hash\":\"0e2d87e0c1ed279c66bc3efb8683e5d1\"}"},{"dataType":"ValueEntry","value":"{\"_name\":\"isBundledDependencies\",\"_value\":false,\"_valueType\":\"boolean\",\"_hash\":\"a69aa552317c7a6e087cb84a5722e050\"}"},{"dataType":"ValueEntry","value":"{\"_name\":\"isByteCodeHar\",\"_value\":false,\"_valueType\":\"boolean\",\"_hash\":\"c5f9b9e5cabee4253d52d0d01ca64ba2\"}"},{"dataType":"ValueEntry","value":"{\"_name\":\"isFullCompilationEnabled\",\"_value\":true,\"_valueType\":\"boolean\",\"_hash\":\"98b683d049e4e7fc32ef1be5321fe0b6\"}"},{"dataType":"ValueEntry","value":"{\"_name\":\"isHarWithCoverage\",\"_value\":false,\"_valueType\":\"boolean\",\"_hash\":\"7224a86bd9c5f83cb9a1a61584afcfb4\"}"},{"dataType":"ValueEntry","value":"{\"_name\":\"isOhosTest\",\"_value\":false,\"_valueType\":\"boolean\",\"_hash\":\"d82a43074b4d7726f9a69dbce1ae80d2\"}"},{"dataType":"ValueEntry","value":"{\"_name\":\"modulePathMap\",\"_value\":\"{\\\"entry\\\":\\\"D:\\\\\\\\DevEcoStudio\\\\\\\\04_Complete\\\\\\\\entry\\\"}\",\"_valueType\":\"string\",\"_hash\":\"ba48c3a7d2119df2beed93c5396c9df1\"}"},{"dataType":"ValueEntry","value":"{\"_name\":\"module_dependencies\",\"_value\":\"{}\",\"_valueType\":\"string\",\"_hash\":\"974757f304b5bfd1c1454ea7a38cd0d5\"}"},{"dataType":"ValueEntry","value":"{\"_name\":\"needSubmitArkTsWidget\",\"_value\":false,\"_valueType\":\"boolean\",\"_hash\":\"dc1ab65720a503a3d9098eab280b7116\"}"},{"dataType":"ValueEntry","value":"{\"_name\":\"nodeModulesPath\",\"_value\":\"D:\\\\DevEcoStudio\\\\04_Complete\\\\entry\\\\build\\\\default\\\\intermediates\\\\loader_out\\\\default\\\\node_modules\",\"_valueType\":\"string\",\"_hash\":\"b4e96ea1c84b05c81ed086934ad30fdb\"}"},{"dataType":"ValueEntry","value":"{\"_name\":\"overrides\",\"_valueType\":\"undefined\",\"_hash\":\"0e8f66f8eb79c6f33fb153c3fc3942f4\"}"},{"dataType":"ValueEntry","value":"{\"_name\":\"patchConfig\",\"_value\":\"{\\\"changedFileList\\\":\\\"D:\\\\\\\\DevEcoStudio\\\\\\\\04_Complete\\\\\\\\entry\\\\\\\\build\\\\\\\\default\\\\\\\\intermediates\\\\\\\\patch\\\\\\\\default\\\\\\\\changedFileList.json\\\"}\",\"_valueType\":\"string\",\"_hash\":\"6cd6d81e0cbf15f25d89f665ed4d85c0\"}"},{"dataType":"ValueEntry","value":"{\"_name\":\"projectRootPath\",\"_value\":\"D:\\\\DevEcoStudio\\\\04_Complete\",\"_valueType\":\"string\",\"_hash\":\"57551b7fa22f7d3b30614427e9421020\"}"},{"dataType":"ValueEntry","value":"{\"_name\":\"project_dependencies\",\"_value\":\"{}\",\"_valueType\":\"string\",\"_hash\":\"e15496bf1de2273597f444f07f1ca6d5\"}"},{"dataType":"ValueEntry","value":"{\"_name\":\"shouldTreatHarAsHap\",\"_value\":false,\"_valueType\":\"boolean\",\"_hash\":\"24c9a48f68bd9cc73238825ca10c9629\"}"},{"dataType":"ValueEntry","value":"{\"_name\":\"targetConfig\",\"_value\":\"{\\\"name\\\":\\\"default\\\"}\",\"_valueType\":\"string\",\"_hash\":\"44f0c01d44e2bbf4013c5bb1f232e1fe\"}"},{"dataType":"ValueEntry","value":"{\"_name\":\"useNormalizedOHMUrl\",\"_value\":false,\"_valueType\":\"boolean\",\"_hash\":\"45c309ddef659bd1ca26b5b8988a1a78\"}"}],"_successful":true,"_projectName":"04_Complete","_moduleName":"entry","_taskName":"default@GenerateLoaderJson","_key":":04_Complete:entry:default@GenerateLoaderJson","_executionId":":04_Complete:entry:default@GenerateLoaderJson:1749896149263","_inputFiles":{"dataType":"Map","value":[["D:\\DevEcoStudio\\04_Complete\\entry\\build\\default\\intermediates\\router_map\\default\\temp-router-map.json",{"fileSnapShotHashValue":"ed381b817d4cd1f943cda5fa9358cd2f"}]]},"_outputFiles":{"dataType":"Map","value":[["D:\\DevEcoStudio\\04_Complete\\entry\\build\\default\\intermediates\\loader\\default\\loader.json",{"isDirectory":false,"fileSnapShotHashValue":"3476e2099ef2661f0bcfdf35e014ede6"}]]}},":04_Complete:entry:default@PreviewCompileResource":{"_inputs":[{"dataType":"ValueEntry","value":"{\"_name\":\"PREVIEWER_REPLACE_PAGE\",\"_valueType\":\"undefined\"}"},{"dataType":"ValueEntry","value":"{\"_name\":\"PREVIEWER_REPLACE_SRCPATH\",\"_valueType\":\"undefined\"}"},{"dataType":"ValueEntry","value":"{\"_name\":\"TARGET_CONFIG\",\"_value\":\"{\\\"name\\\":\\\"default\\\"}\",\"_valueType\":\"string\"}"},{"dataType":"ValueEntry","value":"{\"_name\":\"BUILTIN_TASK_COMMAND\",\"_value\":\"\",\"_valueType\":\"string\"}"},{"dataType":"ValueEntry","value":"{\"_name\":\"BUILTIN_TASK_TOOLCHAIN\",\"_value\":\"D:\\\\DevEcoStudio\\\\DevEco Studio\\\\sdk\\\\default\\\\openharmony\\\\toolchains\\\\restool.exe\",\"_valueType\":\"string\"}"},{"dataType":"ValueEntry","value":"{\"_name\":\"BUILTIN_TASK_ENV\",\"_value\":\"\",\"_valueType\":\"string\"}"}],"_successful":true,"_projectName":"04_Complete","_moduleName":"entry","_taskName":"default@PreviewCompileResource","_key":":04_Complete:entry:default@PreviewCompileResource","_executionId":":04_Complete:entry:default@PreviewCompileResource:1748863704614","_inputFiles":{"dataType":"Map","value":[["D:\\DevEcoStudio\\04_Complete\\entry\\src\\main\\resources",{"fileSnapShotHashValue":"7db7fa0abbe759555b8615c3e5d3074a"}],["D:\\DevEcoStudio\\04_Complete\\entry\\.preview\\default\\intermediates\\merge_profile\\default\\module.json",{"fileSnapShotHashValue":"bbbb92ec8131e47ab105adc3cfe21203"}]]},"_outputFiles":{"dataType":"Map","value":[["D:\\DevEcoStudio\\04_Complete\\entry\\.preview\\default\\intermediates\\res\\default",{"isDirectory":true,"fileSnapShotHashValue":"864e2b3c2a4b189cd1849dd9e8d85f81"}],["D:\\DevEcoStudio\\04_Complete\\entry\\.preview\\default\\generated\\r\\default",{"isDirectory":true,"fileSnapShotHashValue":"bdb7e2714feb670ea3e07e8423b04c36"}]]}},":04_Complete:entry:default@CopyPreviewProfile":{"_inputs":[{"dataType":"ValueEntry","value":"{\"_name\":\"BUILTIN_TASK_COMMAND\",\"_value\":\"\",\"_valueType\":\"string\"}"},{"dataType":"ValueEntry","value":"{\"_name\":\"BUILTIN_TASK_TOOLCHAIN\",\"_value\":\"\",\"_valueType\":\"string\"}"},{"dataType":"ValueEntry","value":"{\"_name\":\"BUILTIN_TASK_ENV\",\"_value\":\"\",\"_valueType\":\"string\"}"}],"_successful":true,"_projectName":"04_Complete","_moduleName":"entry","_taskName":"default@CopyPreviewProfile","_key":":04_Complete:entry:default@CopyPreviewProfile","_executionId":":04_Complete:entry:default@CopyPreviewProfile:1748863704854","_inputFiles":{"dataType":"Map","value":[["D:\\DevEcoStudio\\04_Complete\\entry\\src\\main\\resources\\base\\profile",{"fileSnapShotHashValue":"14a757804c791131bdd8ed57f05701de"}]]},"_outputFiles":{"dataType":"Map","value":[["D:\\DevEcoStudio\\04_Complete\\entry\\.preview\\default\\intermediates\\res\\default\\resources\\base\\profile",{"fileSnapShotHashValue":"3ccdeb8b9e8a6ac12e86a8e235bf9ee3"}]]}},":04_Complete:entry:default@PreviewUpdateAssets":{"_inputs":[{"dataType":"ValueEntry","value":"{\"_name\":\"previewBuildConfigJson\",\"_value\":\"{\\\"deviceType\\\":\\\"phone\\\",\\\"checkEntry\\\":\\\"true\\\",\\\"localPropertiesPath\\\":\\\"D:\\\\\\\\DevEcoStudio\\\\\\\\04_Complete\\\\\\\\local.properties\\\",\\\"Path\\\":\\\"D:\\\\\\\\DevEcoStudio\\\\\\\\DevEco Studio\\\\\\\\tools\\\\\\\\node\\\\\\\\\\\",\\\"note\\\":\\\"false\\\",\\\"aceProfilePath\\\":\\\"D:\\\\\\\\DevEcoStudio\\\\\\\\04_Complete\\\\\\\\entry\\\\\\\\.preview\\\\\\\\default\\\\\\\\intermediates\\\\\\\\res\\\\\\\\default\\\\\\\\resources\\\\\\\\base\\\\\\\\profile\\\",\\\"isPreview\\\":\\\"true\\\",\\\"hapMode\\\":\\\"false\\\",\\\"buildMode\\\":\\\"debug\\\",\\\"img2bin\\\":\\\"true\\\",\\\"projectProfilePath\\\":\\\"D:\\\\\\\\DevEcoStudio\\\\\\\\04_Complete\\\\\\\\build-profile.json5\\\",\\\"watchMode\\\":\\\"true\\\",\\\"appResource\\\":\\\"D:\\\\\\\\DevEcoStudio\\\\\\\\04_Complete\\\\\\\\entry\\\\\\\\.preview\\\\\\\\default\\\\\\\\intermediates\\\\\\\\res\\\\\\\\default\\\\\\\\ResourceTable.txt\\\",\\\"logLevel\\\":\\\"3\\\",\\\"stageRouterConfig\\\":{\\\"contents\\\":[\\\"{\\\\\\\"module\\\\\\\":{\\\\\\\"pages\\\\\\\":\\\\\\\"$profile:main_pages\\\\\\\",\\\\\\\"name\\\\\\\":\\\\\\\"entry\\\\\\\"}}\\\",\\\"{\\\\\\\"src\\\\\\\":[\\\\\\\"pages/Index\\\\\\\"]}\\\"],\\\"paths\\\":[\\\"D:\\\\\\\\DevEcoStudio\\\\\\\\04_Complete\\\\\\\\entry\\\\\\\\.preview\\\\\\\\default\\\\\\\\intermediates\\\\\\\\res\\\\\\\\default\\\\\\\\module.json\\\",\\\"D:\\\\\\\\DevEcoStudio\\\\\\\\04_Complete\\\\\\\\entry\\\\\\\\.preview\\\\\\\\default\\\\\\\\intermediates\\\\\\\\res\\\\\\\\default\\\\\\\\resources\\\\\\\\base\\\\\\\\profile\\\\\\\\main_pages.json\\\"]},\\\"aceBuildJson\\\":\\\"D:\\\\\\\\DevEcoStudio\\\\\\\\04_Complete\\\\\\\\entry\\\\\\\\.preview\\\\\\\\default\\\\\\\\intermediates\\\\\\\\loader\\\\\\\\default\\\\\\\\loader.json\\\",\\\"aceModuleRoot\\\":\\\"D:\\\\\\\\DevEcoStudio\\\\\\\\04_Complete\\\\\\\\entry\\\\\\\\src\\\\\\\\main\\\\\\\\ets\\\",\\\"aceSoPath\\\":\\\"D:\\\\\\\\DevEcoStudio\\\\\\\\04_Complete\\\\\\\\entry\\\\\\\\.preview\\\\\\\\cache\\\\\\\\nativeDependencies.txt\\\",\\\"cachePath\\\":\\\"D:\\\\\\\\DevEcoStudio\\\\\\\\04_Complete\\\\\\\\entry\\\\\\\\.preview\\\\\\\\cache\\\\\\\\.default\\\",\\\"aceModuleBuild\\\":\\\"D:\\\\\\\\DevEcoStudio\\\\\\\\04_Complete\\\\\\\\entry\\\\\\\\.preview\\\\\\\\default\\\\\\\\intermediates\\\\\\\\assets\\\\\\\\default\\\\\\\\ets\\\",\\\"aceModuleJsonPath\\\":\\\"D:\\\\\\\\DevEcoStudio\\\\\\\\04_Complete\\\\\\\\entry\\\\\\\\.preview\\\\\\\\default\\\\\\\\intermediates\\\\\\\\res\\\\\\\\default\\\\\\\\module.json\\\"}\",\"_valueType\":\"string\"}"},{"dataType":"ValueEntry","value":"{\"_name\":\"BUILTIN_TASK_COMMAND\",\"_value\":\"\",\"_valueType\":\"string\"}"},{"dataType":"ValueEntry","value":"{\"_name\":\"BUILTIN_TASK_TOOLCHAIN\",\"_value\":\"\",\"_valueType\":\"string\"}"},{"dataType":"ValueEntry","value":"{\"_name\":\"BUILTIN_TASK_ENV\",\"_value\":\"\",\"_valueType\":\"string\"}"}],"_successful":true,"_projectName":"04_Complete","_moduleName":"entry","_taskName":"default@PreviewUpdateAssets","_key":":04_Complete:entry:default@PreviewUpdateAssets","_executionId":":04_Complete:entry:default@PreviewUpdateAssets:1748863704872","_inputFiles":{"dataType":"Map","value":[]},"_outputFiles":{"dataType":"Map","value":[["D:\\DevEcoStudio\\04_Complete\\entry\\.preview\\default\\intermediates\\res\\default\\module.json",{"isDirectory":false,"fileSnapShotHashValue":"4ebd704ef52373cc8c79274300e71918"}],["D:\\DevEcoStudio\\04_Complete\\entry\\.preview\\default\\intermediates\\res\\default\\resources\\base\\profile\\main_pages.json",{"isDirectory":false,"fileSnapShotHashValue":"933b39bc68e0a891d04562644c954d17"}]]}},":04_Complete:entry:default@PreviewArkTS":{"_inputs":[{"dataType":"ValueEntry","value":"{\"_name\":\"debuggable\",\"_value\":true,\"_valueType\":\"boolean\"}"},{"dataType":"ValueEntry","value":"{\"_name\":\"isArk\",\"_value\":true,\"_valueType\":\"boolean\"}"},{"dataType":"ValueEntry","value":"{\"_name\":\"needCoverageInsert\",\"_value\":false,\"_valueType\":\"boolean\"}"},{"dataType":"ValueEntry","value":"{\"_name\":\"ark.tsImportSendable\",\"_value\":false,\"_valueType\":\"boolean\"}"},{"dataType":"ValueEntry","value":"{\"_name\":\"customTypes\",\"_value\":\"\",\"_valueType\":\"string\"}"},{"dataType":"ValueEntry","value":"{\"_name\":\"caseSensitiveCheck\",\"_value\":false,\"_valueType\":\"boolean\"}"},{"dataType":"ValueEntry","value":"{\"_name\":\"useNormalizedOHMUrl\",\"_value\":false,\"_valueType\":\"boolean\"}"},{"dataType":"ValueEntry","value":"{\"_name\":\"transformLib\",\"_value\":\"\",\"_valueType\":\"string\"}"},{"dataType":"ValueEntry","value":"{\"_name\":\"compatibleSdkVersionStage\",\"_value\":\"beta1\",\"_valueType\":\"string\"}"},{"dataType":"ValueEntry","value":"{\"_name\":\"autoLazyImport\",\"_value\":false,\"_valueType\":\"boolean\"}"},{"dataType":"ValueEntry","value":"{\"_name\":\"arkTsWdiget\",\"_value\":false,\"_valueType\":\"boolean\"}"},{"dataType":"ValueEntry","value":"{\"_name\":\"OBFUSCATION_ENABLE\",\"_value\":\"undefined\",\"_valueType\":\"string\"}"},{"dataType":"ValueEntry","value":"{\"_name\":\"noExternalImportByPath\",\"_value\":false,\"_valueType\":\"boolean\"}"},{"dataType":"ValueEntry","value":"{\"_name\":\"BUILTIN_TASK_COMMAND\",\"_value\":\"\",\"_valueType\":\"string\"}"},{"dataType":"ValueEntry","value":"{\"_name\":\"BUILTIN_TASK_TOOLCHAIN\",\"_value\":\"\",\"_valueType\":\"string\"}"},{"dataType":"ValueEntry","value":"{\"_name\":\"BUILTIN_TASK_ENV\",\"_value\":\"\",\"_valueType\":\"string\"}"}],"_successful":true,"_projectName":"04_Complete","_moduleName":"entry","_taskName":"default@PreviewArkTS","_key":":04_Complete:entry:default@PreviewArkTS","_executionId":":04_Complete:entry:default@PreviewArkTS:1748863704887","_inputFiles":{"dataType":"Map","value":[["D:\\DevEcoStudio\\04_Complete\\entry\\.preview\\default\\intermediates\\loader\\default",{"isDirectory":true,"fileSnapShotHashValue":"b90fe580e2673d4cbf82b90a2f890690"}],["D:\\DevEcoStudio\\04_Complete\\entry\\.preview\\default\\intermediates\\res\\default\\ResourceTable.txt",{"fileSnapShotHashValue":"09227b3883c2a2f1c3783e034de1cd9c"}],["D:\\DevEcoStudio\\04_Complete\\entry\\.preview\\default\\intermediates\\process_profile\\default\\module.json",{"fileSnapShotHashValue":"ece93d89e9e686b4a44243f079d67f4f"}],["D:\\DevEcoStudio\\04_Complete\\entry\\.preview\\default\\intermediates\\res\\default\\resources\\base\\profile",{"isDirectory":true,"fileSnapShotHashValue":"3ccdeb8b9e8a6ac12e86a8e235bf9ee3"}],["D:\\DevEcoStudio\\04_Complete\\entry\\src\\main\\ets",{"isDirectory":true,"fileSnapShotHashValue":"a07b5c78c1681660939e5dd3d3eed27a"}],["D:\\DevEcoStudio\\04_Complete\\entry\\.preview\\default\\generated\\profile\\default\\BuildProfile.ets",{"fileSnapShotHashValue":"eeac5d0237a258378aa452705f3d2342"}]]},"_outputFiles":{"dataType":"Map","value":[["D:\\DevEcoStudio\\04_Complete\\entry\\.preview\\default\\intermediates\\loader_out\\default\\ets",{"isDirectory":true,"fileSnapShotHashValue":""}]]}},":04_Complete:entry:default@GenerateMetadata":{"_inputs":[{"dataType":"ValueEntry","value":"{\"_name\":\"BUILTIN_TASK_COMMAND\",\"_value\":\"\",\"_valueType\":\"string\",\"_hash\":\"0b5d05294fdf4e78e8482ef53eb64ac0\"}"},{"dataType":"ValueEntry","value":"{\"_name\":\"BUILTIN_TASK_ENV\",\"_value\":\"\",\"_valueType\":\"string\",\"_hash\":\"cdcdc2ec8062ca9ec1de46dbf2bbc053\"}"},{"dataType":"ValueEntry","value":"{\"_name\":\"BUILTIN_TASK_TOOLCHAIN\",\"_value\":\"\",\"_valueType\":\"string\",\"_hash\":\"e7f94a9422a8bc317a7d90b58efcb5f6\"}"},{"dataType":"ValueEntry","value":"{\"_name\":\"artifactName\",\"_value\":\"\",\"_valueType\":\"string\",\"_hash\":\"7f42b9cbe0181813f8dc60881bf90988\"}"},{"dataType":"ValueEntry","value":"{\"_name\":\"isSigned\",\"_value\":false,\"_valueType\":\"boolean\",\"_hash\":\"a1368a74a9a6bab3a8b88ab0063c1681\"}"},{"dataType":"ValueEntry","value":"{\"_name\":\"relatedEntryModules\",\"_value\":\"\",\"_valueType\":\"string\",\"_hash\":\"85b4d1fa598cae3838191eb99a09f4dd\"}"},{"dataType":"ValueEntry","value":"{\"_name\":\"remoteHspMetaData\",\"_value\":\"\",\"_valueType\":\"string\",\"_hash\":\"4789086a6779d6842529a03edde7237d\"}"},{"dataType":"ValueEntry","value":"{\"_name\":\"targetDeviceType\",\"_value\":[\"phone\",\"tablet\",\"2in1\"],\"_valueType\":\"object\",\"_hash\":\"ba692565ec35e5756249b1d95725260c\"}"}],"_successful":true,"_projectName":"04_Complete","_moduleName":"entry","_taskName":"default@GenerateMetadata","_key":":04_Complete:entry:default@GenerateMetadata","_executionId":":04_Complete:entry:default@GenerateMetadata:1749896147823","_inputFiles":{"dataType":"Map","value":[["D:\\DevEcoStudio\\04_Complete\\entry\\src\\main\\module.json5",{"fileSnapShotHashValue":"b966433fd13c7b03cb073d68c4392c7c"}]]},"_outputFiles":{"dataType":"Map","value":[["D:\\DevEcoStudio\\04_Complete\\entry\\build\\default\\intermediates\\hap_metadata\\default\\output_metadata.json",{"fileSnapShotHashValue":"e299affde3a4ffb701f8db8f21cd19d7"}]]}},":04_Complete:entry:default@ProcessIntegratedHsp":{"_inputs":[{"dataType":"ValueEntry","value":"{\"_name\":\"BUILTIN_TASK_COMMAND\",\"_value\":\"\",\"_valueType\":\"string\"}"},{"dataType":"ValueEntry","value":"{\"_name\":\"BUILTIN_TASK_TOOLCHAIN\",\"_value\":\"\",\"_valueType\":\"string\"}"},{"dataType":"ValueEntry","value":"{\"_name\":\"BUILTIN_TASK_ENV\",\"_value\":\"\",\"_valueType\":\"string\"}"}],"_successful":true,"_projectName":"04_Complete","_moduleName":"entry","_taskName":"default@ProcessIntegratedHsp","_key":":04_Complete:entry:default@ProcessIntegratedHsp","_executionId":":04_Complete:entry:default@ProcessIntegratedHsp:1749963472213","_inputFiles":{"dataType":"Map","value":[]},"_outputFiles":{"dataType":"Map","value":[["D:\\DevEcoStudio\\04_Complete\\build\\cache\\default\\integrated_hsp\\integratedHspCache.json",{"isDirectory":false,"fileSnapShotHashValue":""}]]}},":04_Complete:entry:default@MakePackInfo":{"_inputs":[{"dataType":"ValueEntry","value":"{\"_name\":\"BUILTIN_TASK_COMMAND\",\"_value\":\"\",\"_valueType\":\"string\",\"_hash\":\"0b5d05294fdf4e78e8482ef53eb64ac0\"}"},{"dataType":"ValueEntry","value":"{\"_name\":\"BUILTIN_TASK_ENV\",\"_value\":\"\",\"_valueType\":\"string\",\"_hash\":\"cdcdc2ec8062ca9ec1de46dbf2bbc053\"}"},{"dataType":"ValueEntry","value":"{\"_name\":\"BUILTIN_TASK_TOOLCHAIN\",\"_value\":\"\",\"_valueType\":\"string\",\"_hash\":\"e7f94a9422a8bc317a7d90b58efcb5f6\"}"},{"dataType":"ValueEntry","value":"{\"_name\":\"appResOpt\",\"_value\":\"{\\\"app\\\":{\\\"bundleName\\\":\\\"com.huawei.quickstart\\\",\\\"vendor\\\":\\\"example\\\",\\\"versionCode\\\":1000000,\\\"versionName\\\":\\\"1.0.0\\\",\\\"icon\\\":\\\"$media:app_icon\\\",\\\"label\\\":\\\"$string:app_name\\\"}}\",\"_valueType\":\"string\",\"_hash\":\"42268a0a0b00e0b58a6867ada61fbe89\"}"},{"dataType":"ValueEntry","value":"{\"_name\":\"compatibleSdkVersion\",\"_value\":12,\"_valueType\":\"number\",\"_hash\":\"3c48b1937556f5c7e1ff0b2e0af0184f\"}"},{"dataType":"ValueEntry","value":"{\"_name\":\"compileSdkVersion\",\"_value\":14,\"_valueType\":\"number\",\"_hash\":\"cf4a6e562cdde15320ad72f5f3dd193d\"}"},{"dataType":"ValueEntry","value":"{\"_name\":\"deviceTypes\",\"_value\":[\"phone\",\"tablet\",\"2in1\"],\"_valueType\":\"object\",\"_hash\":\"955f8760c6b7289b81ed107c2c4df075\"}"},{"dataType":"ValueEntry","value":"{\"_name\":\"integratedHsp\",\"_value\":false,\"_valueType\":\"boolean\",\"_hash\":\"e67900c25b1f9fb70cc779de77dc6912\"}"},{"dataType":"ValueEntry","value":"{\"_name\":\"moduleJsonOpt\",\"_value\":\"{\\\"module\\\":{\\\"name\\\":\\\"entry\\\",\\\"type\\\":\\\"entry\\\",\\\"description\\\":\\\"$string:module_desc\\\",\\\"mainElement\\\":\\\"EntryAbility\\\",\\\"deviceTypes\\\":[\\\"phone\\\",\\\"tablet\\\",\\\"2in1\\\"],\\\"deliveryWithInstall\\\":true,\\\"pages\\\":\\\"$profile:main_pages\\\",\\\"abilities\\\":[{\\\"name\\\":\\\"EntryAbility\\\",\\\"srcEntry\\\":\\\"./ets/entryability/EntryAbility.ets\\\",\\\"description\\\":\\\"$string:EntryAbility_desc\\\",\\\"icon\\\":\\\"$media:layered_image\\\",\\\"label\\\":\\\"$string:EntryAbility_label\\\",\\\"startWindowIcon\\\":\\\"$media:ic_start_icon\\\",\\\"startWindowBackground\\\":\\\"$color:start_window_background\\\",\\\"exported\\\":true,\\\"skills\\\":[{\\\"entities\\\":[\\\"entity.system.home\\\"],\\\"actions\\\":[\\\"action.system.home\\\"]}]}],\\\"extensionAbilities\\\":[{\\\"name\\\":\\\"EntryBackupAbility\\\",\\\"srcEntry\\\":\\\"./ets/entrybackupability/EntryBackupAbility.ets\\\",\\\"type\\\":\\\"backup\\\",\\\"exported\\\":false,\\\"metadata\\\":[{\\\"name\\\":\\\"ohos.extension.backup\\\",\\\"resource\\\":\\\"$profile:backup_config\\\"}]}]}}\",\"_valueType\":\"string\",\"_hash\":\"33cdd84993532cfb1565ce89c3203d88\"}"},{"dataType":"ValueEntry","value":"{\"_name\":\"projectConfigAppOpt\",\"_valueType\":\"undefined\",\"_hash\":\"b52997704fa206ed96a13a1f2e464a85\"}"},{"dataType":"ValueEntry","value":"{\"_name\":\"releaseType\",\"_value\":\"Release\",\"_valueType\":\"string\",\"_hash\":\"bbcabdda034e97584f8c36f85b3ec517\"}"}],"_successful":true,"_projectName":"04_Complete","_moduleName":"entry","_taskName":"default@MakePackInfo","_key":":04_Complete:entry:default@MakePackInfo","_executionId":":04_Complete:entry:default@MakePackInfo:1749896147925","_inputFiles":{"dataType":"Map","value":[["D:\\DevEcoStudio\\04_Complete\\AppScope\\app.json5",{"fileSnapShotHashValue":"8099bdc03b62d5fe0355883c152a4081"}],["D:\\DevEcoStudio\\04_Complete\\entry\\src\\main\\module.json5",{"fileSnapShotHashValue":"b966433fd13c7b03cb073d68c4392c7c"}],["D:\\DevEcoStudio\\04_Complete\\build-profile.json5",{"fileSnapShotHashValue":"c00be1c39de65bf639f5c95414071df6"}],["D:\\DevEcoStudio\\04_Complete\\entry\\src\\main\\resources\\base\\profile\\backup_config.json",{"fileSnapShotHashValue":"b2c56d4f618ff6a89700a6d8752062dd"}]]},"_outputFiles":{"dataType":"Map","value":[["D:\\DevEcoStudio\\04_Complete\\entry\\build\\default\\outputs\\default\\pack.info",{"fileSnapShotHashValue":"0a626e293862c02c84e41b27d799c680"}]]}},":04_Complete:entry:default@SyscapTransform":{"_inputs":[{"dataType":"ValueEntry","value":"{\"_name\":\"deviceTypes\",\"_value\":[\"phone\",\"tablet\",\"2in1\"],\"_valueType\":\"object\"}"},{"dataType":"ValueEntry","value":"{\"_name\":\"BUILTIN_TASK_COMMAND\",\"_value\":\"\",\"_valueType\":\"string\"}"},{"dataType":"ValueEntry","value":"{\"_name\":\"BUILTIN_TASK_TOOLCHAIN\",\"_value\":\"\",\"_valueType\":\"string\"}"},{"dataType":"ValueEntry","value":"{\"_name\":\"BUILTIN_TASK_ENV\",\"_value\":\"\",\"_valueType\":\"string\"}"}],"_successful":true,"_projectName":"04_Complete","_moduleName":"entry","_taskName":"default@SyscapTransform","_key":":04_Complete:entry:default@SyscapTransform","_executionId":":04_Complete:entry:default@SyscapTransform:1749963472238","_inputFiles":{"dataType":"Map","value":[["D:\\DevEcoStudio\\DevEco Studio\\sdk\\default\\openharmony\\toolchains\\syscap_tool.exe",{"fileSnapShotHashValue":"ed81bbed6724c038df807d21c5bc77d4"}],["D:\\DevEcoStudio\\DevEco Studio\\sdk\\default\\openharmony\\ets\\api\\device-define",{"fileSnapShotHashValue":"8f7d7690a6f824c2b8023752c98497d7"}]]},"_outputFiles":{"dataType":"Map","value":[["D:\\DevEcoStudio\\04_Complete\\entry\\build\\default\\intermediates\\syscap\\default\\rpcid.sc",{"fileSnapShotHashValue":""}]]}},":04_Complete:entry:default@ProcessResource":{"_inputs":[{"dataType":"ValueEntry","value":"{\"_name\":\"BUILTIN_TASK_COMMAND\",\"_value\":\"\",\"_valueType\":\"string\",\"_hash\":\"0b5d05294fdf4e78e8482ef53eb64ac0\"}"},{"dataType":"ValueEntry","value":"{\"_name\":\"BUILTIN_TASK_ENV\",\"_value\":\"\",\"_valueType\":\"string\",\"_hash\":\"cdcdc2ec8062ca9ec1de46dbf2bbc053\"}"},{"dataType":"ValueEntry","value":"{\"_name\":\"BUILTIN_TASK_TOOLCHAIN\",\"_value\":\"\",\"_valueType\":\"string\",\"_hash\":\"e7f94a9422a8bc317a7d90b58efcb5f6\"}"},{"dataType":"ValueEntry","value":"{\"_name\":\"D:\\\\DevEcoStudio\\\\04_Complete\\\\entry\\\\build\\\\default\\\\intermediates\\\\res\\\\default\\\\opt-compression.json\",\"_value\":\"{\\\"context\\\":{\\\"extensionPath\\\":\\\"D:\\\\\\\\DevEcoStudio\\\\\\\\DevEco Studio\\\\\\\\sdk\\\\\\\\default\\\\\\\\hms\\\\\\\\toolchains\\\\\\\\lib\\\\\\\\libimage_transcoder_shared.dll\\\"},\\\"compression\\\":{\\\"media\\\":{\\\"enable\\\":false},\\\"filters\\\":[]}}\",\"_valueType\":\"string\",\"_hash\":\"d80d4595b77023767c8b0cb7e04e9803\"}"},{"dataType":"ValueEntry","value":"{\"_name\":\"resConfigJsonContent\",\"_value\":\"{\\\"configPath\\\":\\\"D:\\\\\\\\DevEcoStudio\\\\\\\\04_Complete\\\\\\\\entry\\\\\\\\build\\\\\\\\default\\\\\\\\intermediates\\\\\\\\process_profile\\\\\\\\default\\\\\\\\module.json\\\",\\\"packageName\\\":\\\"com.huawei.quickstart\\\",\\\"output\\\":\\\"D:\\\\\\\\DevEcoStudio\\\\\\\\04_Complete\\\\\\\\entry\\\\\\\\build\\\\\\\\default\\\\\\\\intermediates\\\\\\\\res\\\\\\\\default\\\",\\\"moduleNames\\\":\\\"entry\\\",\\\"ResourceTable\\\":[\\\"D:\\\\\\\\DevEcoStudio\\\\\\\\04_Complete\\\\\\\\entry\\\\\\\\build\\\\\\\\default\\\\\\\\generated\\\\\\\\r\\\\\\\\default\\\\\\\\ResourceTable.h\\\"],\\\"applicationResource\\\":\\\"D:\\\\\\\\DevEcoStudio\\\\\\\\04_Complete\\\\\\\\AppScope\\\\\\\\resources\\\",\\\"moduleResources\\\":[\\\"D:\\\\\\\\DevEcoStudio\\\\\\\\04_Complete\\\\\\\\entry\\\\\\\\src\\\\\\\\main\\\\\\\\resources\\\"],\\\"dependencies\\\":[],\\\"iconCheck\\\":true,\\\"ids\\\":\\\"D:\\\\\\\\DevEcoStudio\\\\\\\\04_Complete\\\\\\\\entry\\\\\\\\build\\\\\\\\default\\\\\\\\intermediates\\\\\\\\res\\\\\\\\default\\\\\\\\ids_map\\\",\\\"definedIds\\\":\\\"D:\\\\\\\\DevEcoStudio\\\\\\\\04_Complete\\\\\\\\entry\\\\\\\\build\\\\\\\\default\\\\\\\\intermediates\\\\\\\\res\\\\\\\\default\\\\\\\\ids_map\\\\\\\\id_defined.json\\\",\\\"definedSysIds\\\":\\\"D:\\\\\\\\DevEcoStudio\\\\\\\\DevEco Studio\\\\\\\\sdk\\\\\\\\default\\\\\\\\hms\\\\\\\\toolchains\\\\\\\\id_defined.json\\\"}\",\"_valueType\":\"string\",\"_hash\":\"873bbc761c6f24fa7e0e1afa30ad57fe\"}"},{"dataType":"ValueEntry","value":"{\"_name\":\"resource_str\",\"_value\":false,\"_valueType\":\"boolean\",\"_hash\":\"c59ebe125e2aaa014a4454c9564cf3c6\"}"}],"_successful":true,"_projectName":"04_Complete","_moduleName":"entry","_taskName":"default@ProcessResource","_key":":04_Complete:entry:default@ProcessResource","_executionId":":04_Complete:entry:default@ProcessResource:1749896149237","_inputFiles":{"dataType":"Map","value":[]},"_outputFiles":{"dataType":"Map","value":[["D:\\DevEcoStudio\\04_Complete\\entry\\build\\default\\intermediates\\res\\default\\resConfig.json",{"isDirectory":false,"fileSnapShotHashValue":"77e59aa330632294b18322afc0975abe"}],["D:\\DevEcoStudio\\04_Complete\\entry\\build\\default\\intermediates\\res\\default\\opt-compression.json",{"isDirectory":false,"fileSnapShotHashValue":"c7cd86e58aa7e3ac3ebeea21a845c0ee"}]]}},":04_Complete:entry:default@ProcessLibs":{"_inputs":[{"dataType":"ValueEntry","value":"{\"_name\":\"BUILTIN_TASK_COMMAND\",\"_value\":\"\",\"_valueType\":\"string\",\"_hash\":\"0b5d05294fdf4e78e8482ef53eb64ac0\"}"},{"dataType":"ValueEntry","value":"{\"_name\":\"BUILTIN_TASK_ENV\",\"_value\":\"\",\"_valueType\":\"string\",\"_hash\":\"cdcdc2ec8062ca9ec1de46dbf2bbc053\"}"},{"dataType":"ValueEntry","value":"{\"_name\":\"BUILTIN_TASK_TOOLCHAIN\",\"_value\":\"\",\"_valueType\":\"string\",\"_hash\":\"e7f94a9422a8bc317a7d90b58efcb5f6\"}"},{"dataType":"ValueEntry","value":"{\"_name\":\"excludeFromHar\",\"_value\":true,\"_valueType\":\"boolean\",\"_hash\":\"c33cbd85982f2e758a878e3aa30a9f01\"}"},{"dataType":"ValueEntry","value":"{\"_name\":\"isBundledDependencies\",\"_value\":false,\"_valueType\":\"boolean\",\"_hash\":\"a69aa552317c7a6e087cb84a5722e050\"}"},{"dataType":"ValueEntry","value":"{\"_name\":\"isByteCodeHar\",\"_value\":false,\"_valueType\":\"boolean\",\"_hash\":\"c5f9b9e5cabee4253d52d0d01ca64ba2\"}"}],"_successful":true,"_projectName":"04_Complete","_moduleName":"entry","_taskName":"default@ProcessLibs","_key":":04_Complete:entry:default@ProcessLibs","_executionId":":04_Complete:entry:default@ProcessLibs:1749896149295","_inputFiles":{"dataType":"Map","value":[["D:\\DevEcoStudio\\04_Complete\\build-profile.json5",{"fileSnapShotHashValue":"c00be1c39de65bf639f5c95414071df6"}],["D:\\DevEcoStudio\\04_Complete\\entry\\build-profile.json5",{"fileSnapShotHashValue":"fb3a6ae9a7b049bafee088788a8cd019"}]]},"_outputFiles":{"dataType":"Map","value":[["D:\\DevEcoStudio\\04_Complete\\entry\\build\\default\\intermediates\\libs\\default",{"isDirectory":true,"fileSnapShotHashValue":""}]]}},":04_Complete:entry:default@CompileResource":{"_inputs":[{"dataType":"ValueEntry","value":"{\"_name\":\"BUILTIN_TASK_COMMAND\",\"_value\":\"D:\\\\DevEcoStudio\\\\DevEco Studio\\\\sdk\\\\default\\\\openharmony\\\\toolchains\\\\restool.exe,-l,D:\\\\DevEcoStudio\\\\04_Complete\\\\entry\\\\build\\\\default\\\\intermediates\\\\res\\\\default\\\\resConfig.json\",\"_valueType\":\"string\",\"_hash\":\"1e2617dff0a99bb8695760b845053b91\"}"},{"dataType":"ValueEntry","value":"{\"_name\":\"BUILTIN_TASK_ENV\",\"_value\":\"\",\"_valueType\":\"string\",\"_hash\":\"cdcdc2ec8062ca9ec1de46dbf2bbc053\"}"},{"dataType":"ValueEntry","value":"{\"_name\":\"BUILTIN_TASK_TOOLCHAIN\",\"_value\":\"D:\\\\DevEcoStudio\\\\DevEco Studio\\\\sdk\\\\default\\\\openharmony\\\\toolchains\\\\restool.exe\",\"_valueType\":\"string\",\"_hash\":\"6e8642c471b13da3f21a79c5b8f6a03a\"}"},{"dataType":"ValueEntry","value":"{\"_name\":\"TARGET_CONFIG\",\"_value\":\"{\\\"name\\\":\\\"default\\\"}\",\"_valueType\":\"string\",\"_hash\":\"ebe85c5c20c0e5d9e03bc5dc7135f953\"}"}],"_successful":true,"_projectName":"04_Complete","_moduleName":"entry","_taskName":"default@CompileResource","_key":":04_Complete:entry:default@CompileResource","_executionId":":04_Complete:entry:default@CompileResource:1749918370999","_inputFiles":{"dataType":"Map","value":[["D:\\DevEcoStudio\\04_Complete\\entry\\src\\main\\resources",{"fileSnapShotHashValue":"a4111cdd54883d266298945d580a3682"}],["D:\\DevEcoStudio\\04_Complete\\AppScope\\resources",{"fileSnapShotHashValue":"ebf49de60b44d841d3373c51efb89d45"}],["D:\\DevEcoStudio\\04_Complete\\entry\\build\\default\\intermediates\\process_profile\\default\\module.json",{"isDirectory":false,"fileSnapShotHashValue":"11cfa81e78fe9f83b4f6eb0d5ad87b23"}],["D:\\DevEcoStudio\\04_Complete\\entry\\build\\default\\intermediates\\res\\default\\resConfig.json",{"isDirectory":false,"fileSnapShotHashValue":"77e59aa330632294b18322afc0975abe"}]]},"_outputFiles":{"dataType":"Map","value":[["D:\\DevEcoStudio\\04_Complete\\entry\\build\\default\\intermediates\\res\\default",{"isDirectory":true,"fileSnapShotHashValue":"5c55d6b06d4ae26432621a8795f43871"}],["D:\\DevEcoStudio\\04_Complete\\entry\\build\\default\\generated\\r\\default\\ResourceTable.h",{"isDirectory":false,"fileSnapShotHashValue":"2da05da762a4c464d10efd430558b585"}],["D:\\DevEcoStudio\\04_Complete\\entry\\build\\default\\generated\\r\\default",{"isDirectory":true,"fileSnapShotHashValue":"8babc0ef47bd925953041cd1e9deb2b7"}]]}},":04_Complete:entry:default@CompileArkTS":{"_inputs":[{"dataType":"ValueEntry","value":"{\"_name\":\"debuggable\",\"_value\":true,\"_valueType\":\"boolean\"}"},{"dataType":"ValueEntry","value":"{\"_name\":\"isArk\",\"_value\":true,\"_valueType\":\"boolean\"}"},{"dataType":"ValueEntry","value":"{\"_name\":\"needCoverageInsert\",\"_value\":false,\"_valueType\":\"boolean\"}"},{"dataType":"ValueEntry","value":"{\"_name\":\"ark.tsImportSendable\",\"_value\":false,\"_valueType\":\"boolean\"}"},{"dataType":"ValueEntry","value":"{\"_name\":\"customTypes\",\"_value\":\"\",\"_valueType\":\"string\"}"},{"dataType":"ValueEntry","value":"{\"_name\":\"caseSensitiveCheck\",\"_value\":false,\"_valueType\":\"boolean\"}"},{"dataType":"ValueEntry","value":"{\"_name\":\"useNormalizedOHMUrl\",\"_value\":false,\"_valueType\":\"boolean\"}"},{"dataType":"ValueEntry","value":"{\"_name\":\"transformLib\",\"_value\":\"\",\"_valueType\":\"string\"}"},{"dataType":"ValueEntry","value":"{\"_name\":\"compatibleSdkVersionStage\",\"_value\":\"beta1\",\"_valueType\":\"string\"}"},{"dataType":"ValueEntry","value":"{\"_name\":\"autoLazyImport\",\"_value\":false,\"_valueType\":\"boolean\"}"},{"dataType":"ValueEntry","value":"{\"_name\":\"arkTsWdiget\",\"_value\":false,\"_valueType\":\"boolean\"}"},{"dataType":"ValueEntry","value":"{\"_name\":\"OBFUSCATION_ENABLE\",\"_value\":\"undefined\",\"_valueType\":\"string\"}"},{"dataType":"ValueEntry","value":"{\"_name\":\"noExternalImportByPath\",\"_value\":false,\"_valueType\":\"boolean\"}"},{"dataType":"ValueEntry","value":"{\"_name\":\"BUILTIN_TASK_COMMAND\",\"_value\":\"\",\"_valueType\":\"string\"}"},{"dataType":"ValueEntry","value":"{\"_name\":\"BUILTIN_TASK_TOOLCHAIN\",\"_value\":\"\",\"_valueType\":\"string\"}"},{"dataType":"ValueEntry","value":"{\"_name\":\"BUILTIN_TASK_ENV\",\"_value\":\"\",\"_valueType\":\"string\"}"}],"_successful":true,"_projectName":"04_Complete","_moduleName":"entry","_taskName":"default@CompileArkTS","_key":":04_Complete:entry:default@CompileArkTS","_executionId":":04_Complete:entry:default@CompileArkTS:1749963472432","_inputFiles":{"dataType":"Map","value":[["D:\\DevEcoStudio\\04_Complete\\entry\\build\\default\\intermediates\\loader\\default",{"isDirectory":true,"fileSnapShotHashValue":"b4db5dba6dd13723b32bf314246dd934"}],["D:\\DevEcoStudio\\04_Complete\\entry\\build\\default\\intermediates\\res\\default\\ResourceTable.txt",{"fileSnapShotHashValue":"bf08f3fc448f136da09909de081c7e60"}],["D:\\DevEcoStudio\\04_Complete\\entry\\build\\default\\intermediates\\res\\default\\ark_module.json",{"fileSnapShotHashValue":"49587a03bb4876673af19bec86cbb4db"}],["D:\\DevEcoStudio\\04_Complete\\entry\\build\\default\\intermediates\\res\\default\\resources\\base\\profile",{"isDirectory":true,"fileSnapShotHashValue":"14a757804c791131bdd8ed57f05701de"}],["D:\\DevEcoStudio\\04_Complete\\entry\\src\\main\\ets",{"isDirectory":true,"fileSnapShotHashValue":"edd53ee0d5c99f7b5edfd6ea5ed015c3"}],["D:\\DevEcoStudio\\04_Complete\\entry\\build\\default\\generated\\profile\\default\\BuildProfile.ets",{"fileSnapShotHashValue":"413b4e39eb567a5c65e0bee27fc1b84a"}]]},"_outputFiles":{"dataType":"Map","value":[["D:\\DevEcoStudio\\04_Complete\\entry\\build\\default\\intermediates\\loader_out\\default\\ets",{"isDirectory":true,"fileSnapShotHashValue":"6b984c6efbfb1c9478350bed2ef3da20"}]]}},":04_Complete:entry:default@BuildJS":{"_inputs":[{"dataType":"ValueEntry","value":"{\"_name\":\"debuggable\",\"_value\":true,\"_valueType\":\"boolean\"}"},{"dataType":"ValueEntry","value":"{\"_name\":\"isArk\",\"_value\":true,\"_valueType\":\"boolean\"}"},{"dataType":"ValueEntry","value":"{\"_name\":\"needCoverageInsert\",\"_value\":false,\"_valueType\":\"boolean\"}"},{"dataType":"ValueEntry","value":"{\"_name\":\"ark.tsImportSendable\",\"_value\":false,\"_valueType\":\"boolean\"}"},{"dataType":"ValueEntry","value":"{\"_name\":\"customTypes\",\"_value\":\"\",\"_valueType\":\"string\"}"},{"dataType":"ValueEntry","value":"{\"_name\":\"caseSensitiveCheck\",\"_value\":false,\"_valueType\":\"boolean\"}"},{"dataType":"ValueEntry","value":"{\"_name\":\"useNormalizedOHMUrl\",\"_value\":false,\"_valueType\":\"boolean\"}"},{"dataType":"ValueEntry","value":"{\"_name\":\"transformLib\",\"_value\":\"\",\"_valueType\":\"string\"}"},{"dataType":"ValueEntry","value":"{\"_name\":\"compatibleSdkVersionStage\",\"_value\":\"beta1\",\"_valueType\":\"string\"}"},{"dataType":"ValueEntry","value":"{\"_name\":\"autoLazyImport\",\"_value\":false,\"_valueType\":\"boolean\"}"},{"dataType":"ValueEntry","value":"{\"_name\":\"BUILTIN_TASK_COMMAND\",\"_value\":\"\",\"_valueType\":\"string\"}"},{"dataType":"ValueEntry","value":"{\"_name\":\"BUILTIN_TASK_TOOLCHAIN\",\"_value\":\"\",\"_valueType\":\"string\"}"},{"dataType":"ValueEntry","value":"{\"_name\":\"BUILTIN_TASK_ENV\",\"_value\":\"\",\"_valueType\":\"string\"}"}],"_successful":false,"_projectName":"04_Complete","_moduleName":"entry","_taskName":"default@BuildJS","_key":":04_Complete:entry:default@BuildJS","_executionId":":04_Complete:entry:default@BuildJS:1749963472471","_inputFiles":{"dataType":"Map","value":[["D:\\DevEcoStudio\\04_Complete\\entry\\build\\default\\intermediates\\loader\\default",{"isDirectory":true,"fileSnapShotHashValue":"b4db5dba6dd13723b32bf314246dd934"}],["D:\\DevEcoStudio\\04_Complete\\entry\\build\\default\\intermediates\\res\\default\\ResourceTable.txt",{"fileSnapShotHashValue":"bf08f3fc448f136da09909de081c7e60"}],["D:\\DevEcoStudio\\04_Complete\\entry\\build\\default\\intermediates\\res\\default\\ark_module.json",{"fileSnapShotHashValue":"49587a03bb4876673af19bec86cbb4db"}],["D:\\DevEcoStudio\\04_Complete\\entry\\build\\default\\intermediates\\res\\default\\resources\\base\\profile",{"isDirectory":true,"fileSnapShotHashValue":"14a757804c791131bdd8ed57f05701de"}]]},"_outputFiles":{"dataType":"Map","value":[["D:\\DevEcoStudio\\04_Complete\\entry\\build\\default\\intermediates\\loader_out\\default\\js",{"isDirectory":true,"fileSnapShotHashValue":""}]]}},":04_Complete:entry:default@DoNativeStrip":{"_inputs":[{"dataType":"ValueEntry","value":"{\"_name\":\"BUILTIN_TASK_COMMAND\",\"_value\":\"\",\"_valueType\":\"string\",\"_hash\":\"0b5d05294fdf4e78e8482ef53eb64ac0\"}"},{"dataType":"ValueEntry","value":"{\"_name\":\"BUILTIN_TASK_ENV\",\"_value\":\"\",\"_valueType\":\"string\",\"_hash\":\"cdcdc2ec8062ca9ec1de46dbf2bbc053\"}"},{"dataType":"ValueEntry","value":"{\"_name\":\"BUILTIN_TASK_TOOLCHAIN\",\"_value\":\"\",\"_valueType\":\"string\",\"_hash\":\"e7f94a9422a8bc317a7d90b58efcb5f6\"}"},{"dataType":"ValueEntry","value":"{\"_name\":\"debugSymbol\",\"_value\":\"\",\"_valueType\":\"string\",\"_hash\":\"055eeab6818b3f1a4978705cfba272fa\"}"}],"_successful":true,"_projectName":"04_Complete","_moduleName":"entry","_taskName":"default@DoNativeStrip","_key":":04_Complete:entry:default@DoNativeStrip","_executionId":":04_Complete:entry:default@DoNativeStrip:1749896153426","_inputFiles":{"dataType":"Map","value":[["D:\\DevEcoStudio\\04_Complete\\entry\\build\\default\\intermediates\\libs\\default",{"isDirectory":true,"fileSnapShotHashValue":""}]]},"_outputFiles":{"dataType":"Map","value":[["D:\\DevEcoStudio\\04_Complete\\entry\\build\\default\\intermediates\\stripped_native_libs\\default",{"isDirectory":true,"fileSnapShotHashValue":""}]]}},":04_Complete:entry:default@CacheNativeLibs":{"_inputs":[{"dataType":"ValueEntry","value":"{\"_name\":\"BUILTIN_TASK_COMMAND\",\"_value\":\"\",\"_valueType\":\"string\",\"_hash\":\"0b5d05294fdf4e78e8482ef53eb64ac0\"}"},{"dataType":"ValueEntry","value":"{\"_name\":\"BUILTIN_TASK_ENV\",\"_value\":\"\",\"_valueType\":\"string\",\"_hash\":\"cdcdc2ec8062ca9ec1de46dbf2bbc053\"}"},{"dataType":"ValueEntry","value":"{\"_name\":\"BUILTIN_TASK_TOOLCHAIN\",\"_value\":\"\",\"_valueType\":\"string\",\"_hash\":\"e7f94a9422a8bc317a7d90b58efcb5f6\"}"},{"dataType":"ValueEntry","value":"{\"_name\":\"debugSymbol\",\"_value\":\"\",\"_valueType\":\"string\",\"_hash\":\"055eeab6818b3f1a4978705cfba272fa\"}"}],"_successful":true,"_projectName":"04_Complete","_moduleName":"entry","_taskName":"default@CacheNativeLibs","_key":":04_Complete:entry:default@CacheNativeLibs","_executionId":":04_Complete:entry:default@CacheNativeLibs:1749896153541","_inputFiles":{"dataType":"Map","value":[["D:\\DevEcoStudio\\04_Complete\\entry\\build\\default\\intermediates\\stripped_native_libs\\default",{"isDirectory":true,"fileSnapShotHashValue":""}],["D:\\DevEcoStudio\\04_Complete\\entry\\build\\default\\intermediates\\libs\\default",{"isDirectory":true,"fileSnapShotHashValue":""}]]},"_outputFiles":{"dataType":"Map","value":[["D:\\DevEcoStudio\\04_Complete\\entry\\build\\default\\intermediates\\patch\\default\\base_native_libs.json",{"isDirectory":false,"fileSnapShotHashValue":"10c862df6bc98be735617e9d71eca7d6"}]]}},":04_Complete:entry:default@GeneratePkgModuleJson":{"_inputs":[{"dataType":"ValueEntry","value":"{\"_name\":\"BUILTIN_TASK_COMMAND\",\"_value\":\"\",\"_valueType\":\"string\",\"_hash\":\"0b5d05294fdf4e78e8482ef53eb64ac0\"}"},{"dataType":"ValueEntry","value":"{\"_name\":\"BUILTIN_TASK_ENV\",\"_value\":\"\",\"_valueType\":\"string\",\"_hash\":\"cdcdc2ec8062ca9ec1de46dbf2bbc053\"}"},{"dataType":"ValueEntry","value":"{\"_name\":\"BUILTIN_TASK_TOOLCHAIN\",\"_value\":\"\",\"_valueType\":\"string\",\"_hash\":\"e7f94a9422a8bc317a7d90b58efcb5f6\"}"}],"_successful":true,"_projectName":"04_Complete","_moduleName":"entry","_taskName":"default@GeneratePkgModuleJson","_key":":04_Complete:entry:default@GeneratePkgModuleJson","_executionId":":04_Complete:entry:default@GeneratePkgModuleJson:1749918377200","_inputFiles":{"dataType":"Map","value":[["D:\\DevEcoStudio\\04_Complete\\entry\\build\\default\\intermediates\\res\\default\\module.json",{"fileSnapShotHashValue":"7b909d5185027ac72cb7fb0315e384e9"}]]},"_outputFiles":{"dataType":"Map","value":[["D:\\DevEcoStudio\\04_Complete\\entry\\build\\default\\intermediates\\package\\default\\module.json",{"fileSnapShotHashValue":"7b909d5185027ac72cb7fb0315e384e9"}]]}},":04_Complete:entry:default@PackageHap":{"_inputs":[{"dataType":"ValueEntry","value":"{\"_name\":\"hotReload\",\"_value\":false,\"_valueType\":\"boolean\"}"},{"dataType":"ValueEntry","value":"{\"_name\":\"integrated_hsp\",\"_value\":false,\"_valueType\":\"boolean\"}"},{"dataType":"ValueEntry","value":"{\"_name\":\"projectConfigAppOpt\",\"_valueType\":\"undefined\"}"},{"dataType":"ValueEntry","value":"{\"_name\":\"sourceMapDir\",\"_value\":\"\",\"_valueType\":\"string\"}"},{"dataType":"ValueEntry","value":"{\"_name\":\"bundleType\",\"_value\":\"app\",\"_valueType\":\"string\"}"},{"dataType":"ValueEntry","value":"{\"_name\":\"BUILTIN_TASK_COMMAND\",\"_value\":\"java,-Dfile.encoding=GBK,-jar,D:\\\\DevEcoStudio\\\\DevEco Studio\\\\sdk\\\\default\\\\openharmony\\\\toolchains\\\\lib\\\\app_packing_tool.jar,--mode,hap,--force,true,--lib-path,D:\\\\DevEcoStudio\\\\04_Complete\\\\entry\\\\build\\\\default\\\\intermediates\\\\stripped_native_libs\\\\default,--json-path,D:\\\\DevEcoStudio\\\\04_Complete\\\\entry\\\\build\\\\default\\\\intermediates\\\\package\\\\default\\\\module.json,--resources-path,D:\\\\DevEcoStudio\\\\04_Complete\\\\entry\\\\build\\\\default\\\\intermediates\\\\res\\\\default\\\\resources,--index-path,D:\\\\DevEcoStudio\\\\04_Complete\\\\entry\\\\build\\\\default\\\\intermediates\\\\res\\\\default\\\\resources.index,--pack-info-path,D:\\\\DevEcoStudio\\\\04_Complete\\\\entry\\\\build\\\\default\\\\outputs\\\\default\\\\pack.info,--out-path,D:\\\\DevEcoStudio\\\\04_Complete\\\\entry\\\\build\\\\default\\\\outputs\\\\default\\\\entry-default-unsigned.hap,--ets-path,D:\\\\DevEcoStudio\\\\04_Complete\\\\entry\\\\build\\\\default\\\\intermediates\\\\loader_out\\\\default\\\\ets\",\"_valueType\":\"string\"}"},{"dataType":"ValueEntry","value":"{\"_name\":\"BUILTIN_TASK_TOOLCHAIN\",\"_value\":\"D:\\\\DevEcoStudio\\\\DevEco Studio\\\\sdk\\\\default\\\\openharmony\\\\toolchains\\\\lib\\\\app_packing_tool.jar\",\"_valueType\":\"string\"}"},{"dataType":"ValueEntry","value":"{\"_name\":\"BUILTIN_TASK_ENV\",\"_value\":\"\",\"_valueType\":\"string\"}"}],"_successful":true,"_projectName":"04_Complete","_moduleName":"entry","_taskName":"default@PackageHap","_key":":04_Complete:entry:default@PackageHap","_executionId":":04_Complete:entry:default@PackageHap:1749963474021","_inputFiles":{"dataType":"Map","value":[["D:\\DevEcoStudio\\04_Complete\\entry\\build\\default\\intermediates\\stripped_native_libs\\default",{"isDirectory":false,"fileSnapShotHashValue":""}],["D:\\DevEcoStudio\\04_Complete\\entry\\build\\default\\intermediates\\res\\default\\module.json",{"isDirectory":false,"fileSnapShotHashValue":"7b909d5185027ac72cb7fb0315e384e9"}],["D:\\DevEcoStudio\\04_Complete\\entry\\build\\default\\intermediates\\res\\default\\resources",{"isDirectory":false,"fileSnapShotHashValue":"59db71c9744f8918f876a98b6dab85aa"}],["D:\\DevEcoStudio\\04_Complete\\entry\\build\\default\\intermediates\\res\\default\\resources.index",{"isDirectory":false,"fileSnapShotHashValue":"2ceea13fd4bb6efe2024ce5c650b8dfb"}],["D:\\DevEcoStudio\\04_Complete\\entry\\build\\default\\outputs\\default\\pack.info",{"isDirectory":false,"fileSnapShotHashValue":"0a626e293862c02c84e41b27d799c680"}],["D:\\DevEcoStudio\\04_Complete\\entry\\build\\default\\intermediates\\loader_out\\default\\ets",{"isDirectory":false,"fileSnapShotHashValue":"6b984c6efbfb1c9478350bed2ef3da20"}],["D:\\DevEcoStudio\\04_Complete\\entry\\build\\default\\intermediates\\loader_out\\default\\ets\\sourceMaps.map",{"isDirectory":false,"fileSnapShotHashValue":"a9bd6135a6eaffbaec699c55e38ee02f"}],["D:\\DevEcoStudio\\04_Complete\\entry\\build\\default\\generated\\profile\\default\\BuildProfile.ets",{"fileSnapShotHashValue":"413b4e39eb567a5c65e0bee27fc1b84a"}]]},"_outputFiles":{"dataType":"Map","value":[["D:\\DevEcoStudio\\04_Complete\\entry\\build\\default\\outputs\\default\\entry-default-unsigned.hap",{"isDirectory":false,"fileSnapShotHashValue":"2181c72c1582d033f0a29620f224608e"}],["D:\\DevEcoStudio\\04_Complete\\entry\\build\\default\\intermediates\\source_map\\default\\sourceMaps.map",{"fileSnapShotHashValue":"a9bd6135a6eaffbaec699c55e38ee02f"}],["D:\\DevEcoStudio\\04_Complete\\entry\\build\\default\\outputs\\default\\mapping\\sourceMaps.map",{"fileSnapShotHashValue":"a9bd6135a6eaffbaec699c55e38ee02f"}]]}},":04_Complete:entry:default@SignHap":{"_inputs":[{"dataType":"ValueEntry","value":"{\"_name\":\"enableSignTask\",\"_value\":true,\"_valueType\":\"boolean\"}"},{"dataType":"ValueEntry","value":"{\"_name\":\"sdkToolchainsComponentVersion\",\"_value\":\"5.0.2.126\",\"_valueType\":\"string\"}"},{"dataType":"ValueEntry","value":"{\"_name\":\"existSigningConfig\",\"_value\":false,\"_valueType\":\"boolean\"}"},{"dataType":"ValueEntry","value":"{\"_name\":\"BUILTIN_TASK_COMMAND\",\"_value\":\"\",\"_valueType\":\"string\"}"},{"dataType":"ValueEntry","value":"{\"_name\":\"BUILTIN_TASK_TOOLCHAIN\",\"_value\":\"\",\"_valueType\":\"string\"}"},{"dataType":"ValueEntry","value":"{\"_name\":\"BUILTIN_TASK_ENV\",\"_value\":\"\",\"_valueType\":\"string\"}"}],"_successful":true,"_projectName":"04_Complete","_moduleName":"entry","_taskName":"default@SignHap","_key":":04_Complete:entry:default@SignHap","_executionId":":04_Complete:entry:default@SignHap:1749963475458","_inputFiles":{"dataType":"Map","value":[["D:\\DevEcoStudio\\04_Complete\\entry\\build\\default\\outputs\\default\\entry-default-unsigned.hap",{"isDirectory":false,"fileSnapShotHashValue":"2181c72c1582d033f0a29620f224608e"}]]},"_outputFiles":{"dataType":"Map","value":[["D:\\DevEcoStudio\\04_Complete\\entry\\build\\default\\outputs\\default\\entry-default-signed.hap",{"isDirectory":false,"fileSnapShotHashValue":""}]]}},":04_Complete:entry:default@CollectDebugSymbol":{"_inputs":[{"dataType":"ValueEntry","value":"{\"_name\":\"BUILTIN_TASK_COMMAND\",\"_value\":\"\",\"_valueType\":\"string\"}"},{"dataType":"ValueEntry","value":"{\"_name\":\"BUILTIN_TASK_TOOLCHAIN\",\"_value\":\"\",\"_valueType\":\"string\"}"},{"dataType":"ValueEntry","value":"{\"_name\":\"BUILTIN_TASK_ENV\",\"_value\":\"\",\"_valueType\":\"string\"}"}],"_successful":false,"_projectName":"04_Complete","_moduleName":"entry","_taskName":"default@CollectDebugSymbol","_key":":04_Complete:entry:default@CollectDebugSymbol","_executionId":":04_Complete:entry:default@CollectDebugSymbol:1749963475465","_inputFiles":{"dataType":"Map","value":[["D:\\DevEcoStudio\\04_Complete\\entry\\build\\default\\intermediates\\loader_out\\default\\ets\\sourceMaps.map",{"fileSnapShotHashValue":"a9bd6135a6eaffbaec699c55e38ee02f"}],["D:\\DevEcoStudio\\04_Complete\\entry\\build\\default\\intermediates\\libs\\default",{"isDirectory":true,"fileSnapShotHashValue":""}]]},"_outputFiles":{"dataType":"Map","value":[["D:\\DevEcoStudio\\04_Complete\\entry\\build\\default\\outputs\\default\\symbol",{"isDirectory":true,"fileSnapShotHashValue":""}]]}}}